Date,Time,Nitrogen,Phosphorus,Potassium,Moisture
2026-03-03,15:52:41,2,3,6,795
2026-03-03,15:52:46,2,3,6,796
2026-03-03,15:52:51,2,3,6,796
2026-03-03,15:52:56,2,3,6,796
2026-03-03,15:53:01,2,3,6,796
2026-03-03,15:53:06,2,3,6,795
2026-03-03,15:53:11,2,3,6,797
2026-03-03,15:53:16,2,3,6,794
2026-03-03,15:53:21,2,3,6,795
2026-03-03,15:53:26,2,3,6,793
2026-03-03,15:53:31,2,3,6,793
2026-03-03,15:53:36,2,3,6,789
2026-03-03,15:53:41,2,3,6,789
2026-03-03,15:53:46,2,3,6,794
2026-03-03,15:53:51,2,3,6,789
2026-03-03,15:53:56,2,3,6,786
2026-03-03,15:54:01,2,3,6,795
2026-03-03,15:54:06,2,3,6,794
2026-03-03,15:54:11,2,3,6,793
2026-03-03,15:54:17,2,3,6,788
2026-03-03,15:54:22,2,3,6,793
2026-03-03,15:54:27,2,3,6,800
2026-03-03,15:54:32,2,3,6,799
2026-03-03,15:54:37,2,3,6,792
2026-03-03,15:54:42,2,3,6,795
2026-03-03,15:54:47,2,3,6,800
2026-03-03,15:54:52,2,3,6,797
2026-03-03,15:54:57,2,3,6,794
2026-03-03,15:55:02,2,3,6,801
2026-03-03,15:55:07,2,3,6,797
2026-03-03,15:55:12,2,3,6,806
2026-03-03,15:55:17,2,3,6,802
2026-03-03,15:55:22,2,3,6,808
2026-03-03,15:55:27,2,3,6,814
2026-03-03,15:55:32,2,3,6,811
2026-03-03,15:55:37,2,3,6,807
2026-03-03,15:55:42,2,3,6,808
2026-03-03,15:55:47,2,3,6,810
2026-03-03,15:55:52,2,3,6,810
2026-03-03,15:55:57,2,3,6,798
2026-03-03,15:56:03,2,3,6,809
2026-03-03,15:56:08,2,3,6,812
2026-03-03,15:56:13,2,3,6,808
2026-03-03,15:56:18,2,3,6,801
2026-03-03,15:56:23,2,3,6,803
2026-03-03,15:56:28,2,3,6,805
2026-03-03,15:56:33,2,3,6,803
2026-03-03,15:56:38,2,3,6,801
2026-03-03,15:56:43,2,3,6,804
2026-03-03,15:56:48,2,3,6,802
2026-03-03,15:56:53,2,3,6,804
2026-03-03,15:56:58,2,3,6,800
2026-03-03,15:57:03,2,3,6,798
2026-03-03,15:57:08,2,3,6,802
2026-03-03,15:57:13,2,3,6,800
2026-03-03,15:57:18,2,3,6,789
2026-03-03,15:57:23,2,3,6,801
2026-03-03,15:57:28,2,2,5,799
2026-03-03,15:57:33,2,2,5,800
2026-03-03,15:57:38,2,2,5,796
2026-03-03,15:57:44,2,2,5,803
2026-03-03,15:57:49,2,2,5,801
2026-03-03,15:57:54,2,2,5,805
2026-03-03,15:57:59,2,2,5,798
2026-03-03,15:58:04,2,2,5,801
2026-03-03,15:58:09,2,2,5,807
2026-03-03,15:58:14,2,2,5,801
2026-03-03,15:58:19,2,2,5,796
2026-03-03,15:58:24,2,2,5,802
2026-03-03,15:58:29,2,2,5,802
2026-03-03,15:58:34,2,2,5,801
2026-03-03,15:58:39,2,2,5,799
2026-03-03,15:58:44,2,2,5,802
2026-03-03,15:58:49,2,2,5,805
2026-03-03,15:58:54,2,2,5,802
2026-03-03,15:58:59,2,2,5,800
2026-03-03,15:59:04,2,2,5,800
2026-03-03,15:59:09,2,2,5,802
2026-03-03,15:59:14,2,2,5,806
2026-03-03,15:59:19,2,2,5,796
2026-03-03,15:59:24,2,2,5,805
2026-03-03,15:59:30,2,2,5,798
2026-03-03,15:59:35,2,2,5,802
2026-03-03,15:59:40,2,2,5,797
2026-03-03,15:59:45,2,2,5,800
2026-03-03,15:59:50,2,2,5,800
2026-03-03,15:59:55,2,2,5,801
2026-03-03,16:00:00,2,2,5,797
2026-03-03,16:00:05,2,2,5,799
2026-03-03,16:00:10,2,2,5,805
2026-03-03,16:00:15,2,2,5,806
2026-03-03,16:00:20,2,2,5,797
2026-03-03,16:00:25,2,2,5,799
2026-03-03,16:00:30,2,2,5,800
2026-03-03,16:00:35,2,2,5,802
2026-03-03,16:00:40,2,2,5,791
2026-03-03,16:00:45,2,2,5,801
2026-03-03,16:00:50,2,2,5,796
2026-03-03,16:00:55,2,2,5,799
2026-03-03,16:01:00,2,2,5,795
2026-03-03,16:01:05,2,2,5,795
2026-03-03,16:01:10,2,2,5,797
2026-03-03,16:01:16,2,2,5,797
2026-03-03,16:01:21,2,2,5,794
2026-03-03,16:01:26,2,2,5,795
2026-03-03,16:01:31,2,2,5,796
2026-03-03,16:01:36,2,2,5,796
2026-03-03,16:01:41,2,2,5,793
2026-03-03,16:01:46,2,2,5,793
2026-03-03,16:01:51,2,2,5,794
2026-03-03,16:01:56,2,2,5,793
2026-03-03,16:02:01,2,2,5,790
2026-03-03,16:02:06,2,2,5,793
2026-03-03,16:02:11,2,2,5,796
2026-03-03,16:02:16,2,2,5,798
2026-03-03,16:02:21,2,2,5,791
2026-03-03,16:02:26,2,2,5,793
2026-03-03,16:02:31,2,2,5,793
2026-03-03,16:02:36,2,2,5,792
2026-03-03,16:02:41,2,2,5,789
2026-03-03,16:02:46,2,2,5,797
2026-03-03,16:02:51,2,2,5,796
2026-03-03,16:02:56,2,2,5,793
2026-03-03,16:03:01,2,2,5,787
2026-03-03,16:03:07,2,2,5,787
2026-03-03,16:03:12,2,2,5,790
2026-03-03,16:03:17,2,2,5,786
2026-03-03,16:03:22,2,2,5,779
2026-03-03,16:03:27,2,2,5,784
2026-03-03,16:03:32,2,2,5,785
2026-03-03,16:03:37,2,2,5,783
2026-03-03,16:03:42,2,2,5,779
2026-03-03,16:03:47,2,2,5,786
2026-03-03,16:03:52,2,2,5,781
2026-03-03,16:03:57,2,2,5,782
2026-03-03,16:04:02,2,2,5,778
2026-03-03,16:04:07,2,2,5,781
2026-03-03,16:04:12,2,2,5,781
2026-03-03,16:04:17,2,2,5,779
2026-03-03,16:04:22,2,2,5,778
2026-03-03,16:04:27,2,2,5,776
2026-03-03,16:04:32,2,2,5,782
2026-03-03,16:04:37,2,2,5,780
2026-03-03,16:04:42,2,2,5,775
2026-03-03,16:04:47,2,2,5,779
2026-03-03,16:04:53,2,2,5,780
2026-03-03,16:04:58,2,2,5,779
2026-03-03,16:05:03,2,2,5,775
2026-03-03,16:05:08,2,2,5,778
2026-03-03,16:05:13,2,2,5,780
2026-03-03,16:05:18,2,2,5,780
2026-03-03,16:05:23,2,2,5,775
2026-03-03,16:05:28,2,2,5,778
2026-03-03,16:05:33,2,2,5,778
2026-03-03,16:05:38,2,2,5,779
2026-03-03,16:05:43,2,2,5,773
2026-03-03,16:05:48,2,2,5,780
2026-03-03,16:05:53,2,2,5,780
2026-03-03,16:05:58,2,2,5,782
2026-03-03,16:06:03,2,2,5,781
2026-03-03,16:06:08,2,2,5,785
2026-03-03,16:06:13,2,2,5,778
2026-03-03,16:06:18,2,2,5,781
2026-03-03,16:06:23,2,2,5,779
2026-03-03,16:06:28,2,2,5,782
2026-03-03,16:06:34,2,2,5,780
2026-03-03,16:06:39,2,2,5,783
2026-03-03,16:06:44,2,2,5,778
2026-03-03,16:06:49,2,2,5,786
2026-03-03,16:06:54,2,2,5,778
2026-03-03,16:06:59,2,2,5,788
2026-03-03,16:07:04,2,2,5,779
2026-03-03,16:07:09,2,2,5,779
2026-03-03,16:07:14,2,2,5,774
2026-03-03,16:07:19,2,2,5,778
2026-03-03,16:07:24,2,2,5,770
2026-03-03,16:07:29,2,2,5,778
2026-03-03,16:07:34,2,2,5,781
2026-03-03,16:07:39,2,2,5,780
2026-03-03,16:07:44,2,2,5,775
2026-03-03,16:07:49,2,2,5,778
2026-03-03,16:07:54,2,2,5,781
2026-03-03,16:07:59,2,2,5,781
2026-03-03,16:08:04,2,2,5,781
2026-03-03,16:08:09,2,2,5,779
2026-03-03,16:08:15,2,2,5,780
2026-03-03,16:08:20,2,2,5,779
2026-03-03,16:08:25,2,2,5,779
2026-03-03,16:08:30,1,2,5,783
2026-03-03,16:08:35,1,2,5,779
2026-03-03,16:08:40,2,2,5,782
2026-03-03,16:08:45,1,2,5,776
2026-03-03,16:08:50,1,2,5,784
2026-03-03,16:08:55,1,2,5,780
2026-03-03,16:09:00,1,2,5,780
2026-03-03,16:09:05,1,2,5,776
2026-03-03,16:09:10,1,2,5,784
2026-03-03,16:09:15,1,2,5,781
2026-03-03,16:09:20,2,2,5,780
2026-03-03,16:09:25,2,2,5,778
2026-03-03,16:09:30,1,2,5,782
2026-03-03,16:09:35,1,2,5,780
2026-03-03,16:09:40,1,2,5,779
2026-03-03,16:09:45,1,2,5,773
2026-03-03,16:09:50,1,2,5,776
2026-03-03,16:09:55,1,2,5,776
2026-03-03,16:10:00,1,2,5,778
2026-03-03,16:10:06,1,2,5,768
2026-03-03,16:10:11,1,2,5,774
2026-03-03,16:10:16,1,2,5,774
2026-03-03,16:10:21,1,2,5,770
2026-03-03,16:10:26,1,2,5,766
2026-03-03,16:10:31,1,2,5,771
2026-03-03,16:10:36,1,2,5,771
2026-03-03,16:10:41,1,2,5,770
2026-03-03,16:10:46,1,2,5,765
2026-03-03,16:10:51,1,2,5,769
2026-03-03,16:10:56,1,2,5,774
2026-03-03,16:11:01,1,2,5,772
2026-03-03,16:11:06,1,2,5,765
2026-03-03,16:11:11,1,2,5,774
2026-03-03,16:11:16,1,2,5,771
2026-03-03,16:11:21,1,2,5,772
2026-03-03,16:11:26,1,2,5,767
2026-03-03,16:11:31,1,2,5,775
2026-03-03,16:11:36,1,2,5,772
2026-03-03,16:11:41,1,2,5,776
2026-03-03,16:11:46,1,2,5,767
2026-03-03,16:11:52,1,2,5,772
2026-03-03,16:11:57,1,2,5,777
2026-03-03,16:12:02,1,2,5,773
2026-03-03,16:12:07,1,2,5,767
2026-03-03,16:12:12,1,2,5,772
2026-03-03,16:12:17,1,2,5,772
2026-03-03,16:12:22,1,2,5,774
2026-03-03,16:12:27,1,2,5,769
2026-03-03,16:12:32,1,2,5,772
2026-03-03,16:12:37,1,2,5,771
2026-03-03,16:12:42,1,2,5,773
2026-03-03,16:12:47,1,2,5,766
2026-03-03,16:12:52,1,2,5,771
2026-03-03,16:12:57,1,2,5,773
2026-03-03,16:13:02,1,2,5,771
2026-03-03,16:13:07,1,2,5,769
2026-03-03,16:13:12,1,2,5,773
2026-03-03,16:13:17,1,2,5,770
2026-03-03,16:13:22,1,2,5,771
2026-03-03,16:13:27,1,2,5,767
2026-03-03,16:13:32,1,2,5,772
2026-03-03,16:13:38,1,2,5,774
2026-03-03,16:13:43,1,2,5,770
2026-03-03,16:13:48,1,2,5,765
2026-03-03,16:13:53,1,2,5,769
2026-03-03,16:13:58,1,2,5,769
2026-03-03,16:14:03,1,2,5,771
2026-03-03,16:14:08,1,2,5,765
2026-03-03,16:14:13,1,2,5,769
2026-03-03,16:14:18,1,2,5,770
2026-03-03,16:14:23,1,2,5,770
2026-03-03,16:14:28,1,2,5,765
2026-03-03,16:14:33,1,2,5,774
2026-03-03,16:14:38,1,2,5,776
2026-03-03,16:14:43,1,2,5,771
2026-03-03,16:14:48,1,2,5,765
2026-03-03,16:14:53,1,2,5,773
2026-03-03,16:14:58,1,2,5,770
2026-03-03,16:15:03,1,2,5,773
2026-03-03,16:15:08,1,2,5,768
2026-03-03,16:15:13,1,2,5,772
2026-03-03,16:15:19,1,2,5,771
2026-03-03,16:15:24,1,2,5,769
2026-03-03,16:15:29,1,2,5,767
2026-03-03,16:15:34,1,2,5,767
2026-03-03,16:15:39,1,2,5,769
2026-03-03,16:15:44,1,2,5,773
2026-03-03,16:15:49,1,2,5,763
2026-03-03,16:15:54,1,2,5,772
2026-03-03,16:15:59,1,2,5,773
2026-03-03,16:16:04,1,2,5,769
2026-03-03,16:16:09,1,2,5,767
2026-03-03,16:16:14,1,2,5,768
2026-03-03,16:16:19,1,2,5,769
2026-03-03,16:16:24,1,2,5,769
2026-03-03,16:16:29,1,2,5,764
2026-03-03,16:16:34,1,2,5,770
2026-03-03,16:16:39,1,2,5,770
2026-03-03,16:16:44,1,2,5,771
2026-03-03,16:16:49,1,2,5,767
2026-03-03,16:16:54,1,2,5,770
2026-03-03,16:16:59,1,2,5,773
2026-03-03,16:17:05,1,2,5,771
2026-03-03,16:17:10,1,2,5,766
2026-03-03,16:17:15,1,2,5,771
2026-03-03,16:17:20,1,2,5,772
2026-03-03,16:17:25,1,2,5,766
2026-03-03,16:17:30,1,2,5,765
2026-03-03,16:17:35,1,2,5,770
2026-03-03,16:17:40,1,2,5,774
2026-03-03,16:17:45,1,2,5,777
2026-03-03,16:17:50,1,2,5,767
2026-03-03,16:17:55,1,2,5,771
2026-03-03,16:18:00,1,2,5,772
2026-03-03,16:18:05,1,2,5,773
2026-03-03,16:18:10,1,2,5,766
2026-03-03,16:18:15,1,2,5,770
2026-03-03,16:18:20,1,2,5,771
2026-03-03,16:18:25,1,2,5,771
2026-03-03,16:18:30,1,2,5,766
2026-03-03,16:18:35,1,2,5,772
2026-03-03,16:18:40,1,2,5,772
2026-03-03,16:18:45,1,2,5,775
2026-03-03,16:18:51,1,2,5,767
2026-03-03,16:18:56,1,2,5,774
2026-03-03,16:19:01,1,2,5,771
2026-03-03,16:19:06,1,2,5,772
2026-03-03,16:19:11,1,2,5,766
2026-03-03,16:19:16,1,2,5,769
2026-03-03,16:19:21,1,2,5,769
2026-03-03,16:19:26,1,2,5,770
2026-03-03,16:19:31,1,2,5,769
2026-03-03,16:19:36,1,2,5,761
2026-03-03,16:19:41,1,2,5,759
2026-03-03,16:19:46,1,2,5,761
2026-03-03,16:19:51,1,2,5,753
2026-03-03,16:19:56,1,2,5,756
2026-03-03,16:20:01,1,2,5,754
2026-03-03,16:20:06,1,2,5,755
2026-03-03,16:20:11,1,2,5,750
2026-03-03,16:20:16,1,2,5,754
2026-03-03,16:20:21,1,2,5,754
2026-03-03,16:20:26,1,2,5,758
2026-03-03,16:20:31,1,2,5,751
2026-03-03,16:20:36,1,2,5,755
2026-03-03,16:20:42,1,2,5,759
2026-03-03,16:20:47,1,2,5,755
2026-03-03,16:20:52,1,2,5,750
2026-03-03,16:20:57,1,2,5,754
2026-03-03,16:21:02,1,2,5,759
2026-03-03,16:21:07,1,2,5,757
2026-03-03,16:21:12,1,2,5,750
2026-03-03,16:21:17,1,2,5,758
2026-03-03,16:21:22,1,2,5,756
2026-03-03,16:21:27,1,2,5,755
2026-03-03,16:21:32,1,2,5,751
2026-03-03,16:21:37,1,2,5,754
2026-03-03,16:21:42,1,2,5,755
2026-03-03,16:21:47,1,2,5,755
2026-03-03,16:21:52,1,2,5,755
2026-03-03,16:21:57,1,2,5,754
2026-03-03,16:22:02,1,2,5,757
2026-03-03,16:22:07,1,2,5,755
2026-03-03,16:22:12,1,2,5,748
2026-03-03,16:22:17,1,2,5,753
2026-03-03,16:22:22,1,2,5,751
2026-03-03,16:22:28,1,2,5,754
2026-03-03,16:22:33,1,2,5,748
2026-03-03,16:22:38,1,2,5,751
2026-03-03,16:22:43,1,2,5,752
2026-03-03,16:22:48,1,2,5,757
2026-03-03,16:22:53,1,2,5,747
2026-03-03,16:22:58,1,2,5,751
2026-03-03,16:23:03,1,2,5,756
2026-03-03,16:23:08,1,2,5,753
2026-03-03,16:23:13,1,2,5,743
2026-03-03,16:23:18,1,2,5,755
2026-03-03,16:23:23,1,2,5,755
2026-03-03,16:23:28,1,2,5,754
2026-03-03,16:23:33,1,2,5,753
2026-03-03,16:23:38,1,2,5,757
2026-03-03,16:23:43,1,2,5,752
2026-03-03,16:23:48,1,2,5,753
2026-03-03,16:23:53,1,2,5,747
2026-03-03,16:23:58,1,2,5,751
2026-03-03,16:24:03,1,2,5,752
2026-03-03,16:24:08,1,2,5,751
2026-03-03,16:24:14,1,2,5,746
2026-03-03,16:24:19,1,2,5,750
2026-03-03,16:24:24,1,2,5,751
2026-03-03,16:24:29,1,2,5,755
2026-03-03,16:24:34,1,2,5,746
2026-03-03,16:24:39,1,2,5,750
2026-03-03,16:24:44,1,2,5,752
2026-03-03,16:24:49,1,2,5,756
2026-03-03,16:24:54,1,2,5,747
2026-03-03,16:24:59,1,2,5,750
2026-03-03,16:25:04,1,2,5,751
2026-03-03,16:25:09,1,2,5,753
2026-03-03,16:25:14,1,2,5,748
2026-03-03,16:25:19,1,2,5,756
2026-03-03,16:25:24,1,2,5,753
2026-03-03,16:25:29,1,2,5,753
2026-03-03,16:25:34,1,2,5,747
2026-03-03,16:25:39,1,2,5,752
2026-03-03,16:25:44,1,2,5,752
2026-03-03,16:25:49,1,2,5,753
2026-03-03,16:25:54,1,2,5,752
2026-03-03,16:26:00,1,2,5,755
2026-03-03,16:26:05,1,2,5,754
2026-03-03,16:26:10,1,2,5,753
2026-03-03,16:26:15,1,2,5,747
2026-03-03,16:26:20,1,2,5,749
2026-03-03,16:26:25,1,2,5,751
2026-03-03,16:26:30,1,2,5,750
2026-03-03,16:26:35,1,2,5,744
2026-03-03,16:26:40,1,2,5,753
2026-03-03,16:26:45,1,2,5,749
2026-03-03,16:26:50,1,2,5,753
2026-03-03,16:26:55,1,2,5,744
2026-03-03,16:27:00,1,2,5,748
2026-03-03,16:27:05,1,2,5,749
2026-03-03,16:27:10,1,2,5,750
2026-03-03,16:27:15,1,2,5,747
2026-03-03,16:27:20,1,2,5,748
2026-03-03,16:27:25,1,2,5,748
2026-03-03,16:27:30,1,2,5,748
2026-03-03,16:27:35,1,2,5,744
2026-03-03,16:27:40,1,2,5,746
2026-03-03,16:27:46,1,2,5,746
2026-03-03,16:27:51,1,2,5,748
2026-03-03,16:27:56,1,2,5,743
2026-03-03,16:28:01,1,2,5,746
2026-03-03,16:28:06,1,2,5,750
2026-03-03,16:28:11,1,2,5,747
2026-03-03,16:28:16,1,2,5,746
2026-03-03,16:28:21,1,2,5,745
2026-03-03,16:28:26,1,2,5,747
2026-03-03,16:28:31,1,2,5,747
2026-03-03,16:28:36,1,2,5,742
2026-03-03,16:28:41,1,2,5,748
2026-03-03,16:28:46,1,2,5,746
2026-03-03,16:28:51,1,2,5,750
2026-03-03,16:28:56,1,2,5,741
2026-03-03,16:29:01,1,2,5,749
2026-03-03,16:29:06,1,2,5,746
2026-03-03,16:29:11,1,2,5,750
2026-03-03,16:29:16,1,2,5,741
2026-03-03,16:29:21,1,2,5,746
2026-03-03,16:29:26,1,2,5,748
2026-03-03,16:29:32,1,2,5,745
2026-03-03,16:29:37,1,2,5,740
2026-03-03,16:29:42,1,2,5,745
2026-03-03,16:29:47,1,2,5,747
2026-03-03,16:29:52,1,2,5,747
2026-03-03,16:29:57,1,2,5,741
2026-03-03,16:30:02,1,2,5,748
2026-03-03,16:30:07,1,2,5,748
2026-03-03,16:30:12,1,2,5,748
2026-03-03,16:30:17,1,2,5,741
2026-03-03,16:30:22,1,2,5,745
2026-03-03,16:30:27,1,2,5,747
2026-03-03,16:30:32,1,2,5,746
2026-03-03,16:30:37,1,2,5,746
2026-03-03,16:30:42,1,2,5,744
2026-03-03,16:30:47,1,2,5,744
2026-03-03,16:30:52,1,2,5,744
2026-03-03,16:30:57,1,2,5,735
2026-03-03,16:31:02,1,2,5,738
2026-03-03,16:31:07,1,2,5,739
2026-03-03,16:31:13,1,2,5,743
2026-03-03,16:31:18,1,2,5,739
2026-03-03,16:31:23,1,2,5,743
2026-03-03,16:31:28,1,2,5,749
2026-03-03,16:31:33,1,2,5,747
2026-03-03,16:31:38,1,2,5,744
2026-03-03,16:31:43,1,2,5,745
2026-03-03,16:31:48,1,2,5,750
2026-03-03,16:31:53,1,2,5,746
2026-03-03,16:31:58,1,2,5,741
2026-03-03,16:32:03,1,2,5,745
2026-03-03,16:32:08,1,2,5,746
2026-03-03,16:32:13,1,2,5,746
2026-03-03,16:32:18,1,2,5,740
2026-03-03,16:32:23,1,2,5,744
2026-03-03,16:32:28,1,2,5,745
2026-03-03,16:32:33,1,2,5,750
2026-03-03,16:32:38,1,2,5,741
2026-03-03,16:32:43,1,2,5,748
2026-03-03,16:32:48,1,2,5,750
2026-03-03,16:32:53,1,2,5,753
2026-03-03,16:32:58,1,2,5,744
2026-03-03,16:33:04,1,2,5,748
2026-03-03,16:33:09,1,2,5,750
2026-03-03,16:33:14,1,2,5,747
2026-03-03,16:33:19,1,2,5,742
2026-03-03,16:33:24,1,2,5,745
2026-03-03,16:33:29,1,2,5,749
2026-03-03,16:33:34,1,2,5,746
2026-03-03,16:33:39,1,2,5,742
2026-03-03,16:33:44,1,2,5,749
2026-03-03,16:33:49,1,2,5,751
2026-03-03,16:33:54,1,2,5,746
2026-03-03,16:33:59,1,2,5,743
2026-03-03,16:34:04,1,2,5,744
2026-03-03,16:34:09,1,2,5,745
2026-03-03,16:34:14,1,2,5,746
2026-03-03,16:34:19,1,2,5,745
2026-03-03,16:34:24,1,2,5,746
2026-03-03,16:34:29,1,2,5,746
2026-03-03,16:34:34,1,2,5,745
2026-03-03,16:34:39,1,2,5,740
2026-03-03,16:34:44,1,2,5,743
2026-03-03,16:34:50,1,2,5,744
2026-03-03,16:34:55,1,2,5,743
2026-03-03,16:35:00,1,2,5,738
2026-03-03,16:35:05,1,2,5,742
2026-03-03,16:35:10,1,2,5,748
2026-03-03,16:35:15,1,2,5,744
2026-03-03,16:35:20,1,2,5,739
2026-03-03,16:35:25,1,2,5,743
2026-03-03,16:35:30,1,2,5,743
2026-03-03,16:35:35,1,2,5,743
2026-03-03,16:35:40,1,2,5,739
2026-03-03,16:35:45,1,2,5,742
2026-03-03,16:35:50,1,2,5,743
2026-03-03,16:35:55,1,2,5,746
2026-03-03,16:36:00,1,2,5,742
2026-03-03,16:36:05,1,2,5,742
2026-03-03,16:36:11,1,2,5,744
2026-03-03,16:36:16,1,2,5,744
2026-03-03,16:36:21,1,2,5,739
2026-03-03,16:36:26,1,2,5,747
2026-03-03,16:36:31,1,2,5,743
2026-03-03,16:36:36,1,2,5,744
2026-03-03,16:36:41,1,2,5,739
2026-03-03,16:36:46,1,2,5,743
2026-03-03,16:36:51,1,2,5,745
2026-03-03,16:36:56,1,2,5,748
2026-03-03,16:37:01,1,2,4,739
2026-03-03,16:37:06,1,2,4,742
2026-03-03,16:37:11,1,2,4,744
2026-03-03,16:37:16,1,2,4,744
2026-03-03,16:37:21,1,2,4,742
2026-03-03,16:37:26,1,2,4,745
2026-03-03,16:37:31,1,2,4,745
2026-03-03,16:37:36,1,2,4,745
2026-03-03,16:37:41,1,2,4,744
2026-03-03,16:37:46,1,2,4,744
2026-03-03,16:37:51,1,2,4,746
2026-03-03,16:37:56,1,2,4,744
2026-03-03,16:38:01,1,2,4,740
2026-03-03,16:38:06,1,2,4,744
2026-03-03,16:38:11,1,2,4,744
2026-03-03,16:38:16,1,2,4,747
2026-03-03,16:38:21,1,2,4,741
2026-03-03,16:38:27,1,2,4,745
2026-03-03,16:38:32,1,2,4,749
2026-03-03,16:38:37,1,2,4,745
2026-03-03,16:38:42,1,2,4,740
2026-03-03,16:38:47,1,2,4,747
2026-03-03,16:38:52,1,2,4,744
2026-03-03,16:38:57,1,2,4,745
2026-03-03,16:39:02,1,2,4,740
2026-03-03,16:39:07,1,2,4,743
2026-03-03,16:39:12,1,2,4,744
2026-03-03,16:39:17,1,2,4,745
2026-03-03,16:39:22,1,2,4,739
2026-03-03,16:39:27,1,2,4,743
2026-03-03,16:39:32,1,2,4,744
2026-03-03,16:39:37,1,2,4,744
2026-03-03,16:39:42,1,2,4,739
2026-03-03,16:39:47,1,2,4,745
2026-03-03,16:39:52,1,2,4,744
2026-03-03,16:39:57,1,2,4,749
2026-03-03,16:40:02,1,2,4,739
2026-03-03,16:40:07,1,2,4,743
2026-03-03,16:40:13,1,2,4,743
2026-03-03,16:40:18,1,2,4,747
2026-03-03,16:40:23,1,2,4,741
2026-03-03,16:40:28,1,2,4,742
2026-03-03,16:40:33,1,2,4,744
2026-03-03,16:40:38,1,2,4,743
2026-03-03,16:40:43,1,2,4,742
2026-03-03,16:40:48,1,2,4,741
2026-03-03,16:40:53,1,2,4,744
2026-03-03,16:40:58,1,2,4,742
2026-03-03,16:41:03,1,2,4,739
2026-03-03,16:41:08,1,2,4,743
2026-03-03,16:41:13,1,2,4,745
2026-03-03,16:41:18,1,2,4,749
2026-03-03,16:41:23,1,2,4,740
2026-03-03,16:41:28,1,2,4,744
2026-03-03,16:41:33,1,2,4,745
2026-03-03,16:41:38,1,2,4,749
2026-03-03,16:41:43,1,2,4,744
2026-03-03,16:41:48,1,2,4,745
2026-03-03,16:41:53,1,2,4,749
2026-03-03,16:41:58,1,2,4,748
2026-03-03,16:42:04,1,2,4,741
2026-03-03,16:42:09,1,2,4,745
2026-03-03,16:42:14,1,2,4,746
2026-03-03,16:42:19,1,2,4,747
2026-03-03,16:42:24,1,2,4,742
2026-03-03,16:42:29,1,2,4,746
2026-03-03,16:42:34,1,2,4,748
2026-03-03,16:42:39,1,2,4,746
2026-03-03,16:42:44,1,2,4,741
2026-03-03,16:42:49,1,2,4,744
2026-03-03,16:42:54,1,2,4,750
2026-03-03,16:42:59,1,2,4,746
2026-03-03,16:43:04,1,2,4,742
2026-03-03,16:43:09,1,2,4,746
2026-03-03,16:43:14,1,2,4,750
2026-03-03,16:43:19,1,2,4,746
2026-03-03,16:43:24,1,2,4,743
2026-03-03,16:43:29,1,2,4,746
2026-03-03,16:43:34,1,2,4,751
2026-03-03,16:43:39,1,2,4,746
2026-03-03,16:43:44,1,2,4,742
2026-03-03,16:43:50,1,2,4,746
2026-03-03,16:43:55,1,2,4,747
2026-03-03,16:44:00,1,2,4,747
2026-03-03,16:44:05,1,2,4,741
2026-03-03,16:44:10,1,2,4,746
2026-03-03,16:44:15,1,2,4,749
2026-03-03,16:44:20,1,2,4,749
2026-03-03,16:44:25,1,2,4,743
2026-03-03,16:44:30,1,2,4,748
2026-03-03,16:44:35,1,2,4,748
2026-03-03,16:44:40,1,2,4,753
2026-03-03,16:44:45,1,2,4,743
2026-03-03,16:44:50,1,2,4,750
2026-03-03,16:44:55,1,2,4,748
2026-03-03,16:45:00,1,2,4,748
2026-03-03,16:45:05,1,2,4,748
2026-03-03,16:45:10,1,2,4,750
2026-03-03,16:45:15,1,2,4,750
2026-03-03,16:45:20,1,2,4,750
2026-03-03,16:45:25,1,2,4,747
2026-03-03,16:45:30,1,2,4,750
2026-03-03,16:45:36,1,2,4,754
2026-03-03,16:45:41,1,2,4,749
2026-03-03,16:45:46,1,2,4,744
2026-03-03,16:45:51,1,2,4,749
2026-03-03,16:45:56,1,2,4,750
2026-03-03,16:46:01,1,2,4,750
2026-03-03,16:46:06,1,2,4,748
2026-03-03,16:46:11,1,2,4,753
2026-03-03,16:46:16,1,2,4,749
2026-03-03,16:46:21,1,2,4,750
2026-03-03,16:46:26,1,2,4,747
2026-03-03,16:46:31,1,2,4,755
2026-03-03,16:46:36,1,2,4,750
2026-03-03,16:46:41,1,2,4,751
2026-03-03,16:46:46,1,2,4,745
2026-03-03,16:46:51,1,2,4,749
2026-03-03,16:46:56,1,2,4,751
2026-03-03,16:47:01,1,2,4,755
2026-03-03,16:47:06,1,2,4,746
2026-03-03,16:47:11,1,2,4,753
2026-03-03,16:47:16,1,2,4,751
2026-03-03,16:47:22,1,2,4,751
2026-03-03,16:47:27,1,2,4,750
2026-03-03,16:47:32,1,2,4,750
2026-03-03,16:47:37,1,2,4,752
2026-03-03,16:47:42,1,2,4,755
2026-03-03,16:47:47,1,2,4,751
2026-03-03,16:47:52,1,1,3,766
2026-03-03,16:47:57,0,0,1,773
2026-03-03,16:48:02,0,0,0,767
2026-03-03,16:48:07,0,0,0,775
2026-03-03,16:48:12,0,0,0,776
2026-03-03,16:48:17,0,0,0,758
2026-03-03,16:48:22,0,0,0,726
2026-03-03,16:48:27,0,0,0,738
2026-03-03,16:48:32,2,4,8,746
2026-03-03,16:48:37,7,10,20,746
2026-03-03,16:48:42,6,9,18,738
2026-03-03,16:48:47,4,6,12,732
2026-03-03,16:48:52,4,6,13,735
2026-03-03,16:48:57,5,7,14,735
2026-03-03,16:49:02,5,7,14,735
2026-03-03,16:49:08,5,7,14,729
2026-03-03,16:49:13,5,7,14,732
2026-03-03,16:49:18,5,7,14,733
2026-03-03,16:49:23,5,7,14,733
2026-03-03,16:49:28,5,7,14,730
2026-03-03,16:49:33,5,7,14,732
2026-03-03,16:49:38,5,7,14,734
2026-03-03,16:49:43,4,6,13,735
2026-03-03,16:49:48,4,6,13,733
2026-03-03,16:49:53,4,6,13,742
2026-03-03,16:49:58,4,6,13,744
2026-03-03,16:50:03,4,5,11,738
2026-03-03,16:50:08,1,2,4,739
2026-03-03,16:50:13,0,0,0,736
2026-03-03,16:50:18,0,0,0,739
2026-03-03,16:50:23,0,0,0,737
2026-03-03,16:50:28,3,4,8,732
2026-03-03,16:50:33,6,8,17,735
2026-03-03,16:50:38,6,9,18,736
2026-03-03,16:50:43,6,9,19,737
2026-03-03,16:50:48,6,9,19,733
2026-03-03,16:50:54,6,9,19,741
2026-03-03,16:50:59,6,9,19,740
2026-03-03,16:51:04,6,9,19,737
2026-03-03,16:51:09,6,9,19,734
2026-03-03,16:51:14,6,9,19,737
2026-03-03,16:51:19,6,9,19,738
2026-03-03,16:51:24,6,9,19,742
2026-03-03,16:51:29,6,9,19,738
2026-03-03,16:51:34,7,9,19,736
2026-03-03,16:51:39,7,9,19,738
2026-03-03,16:51:44,7,9,19,740
2026-03-03,16:51:49,7,9,19,733
2026-03-03,16:51:54,7,9,19,737
2026-03-03,16:51:59,7,9,19,737
2026-03-03,16:52:04,7,9,19,739
2026-03-03,16:52:09,7,9,19,733
2026-03-03,16:52:14,7,9,19,738
2026-03-03,16:52:19,6,9,19,738
2026-03-03,16:52:24,6,9,19,739
2026-03-03,16:52:29,6,9,19,734
2026-03-03,16:52:34,6,9,19,738
2026-03-03,16:52:40,7,9,19,744
2026-03-03,16:52:45,6,9,19,740
2026-03-03,16:52:50,6,9,19,735
2026-03-03,16:52:55,6,9,19,738
2026-03-03,16:53:00,6,9,19,739
2026-03-03,16:53:05,6,9,19,739
2026-03-03,16:53:10,6,9,19,736
2026-03-03,16:53:15,6,9,19,739
2026-03-03,16:53:20,6,9,19,741
2026-03-03,16:53:25,6,9,19,741
2026-03-03,16:53:30,6,9,19,736
2026-03-03,16:53:35,6,9,19,745
2026-03-03,16:53:40,6,9,19,739
2026-03-03,16:53:45,6,9,19,745
2026-03-03,16:53:50,6,9,19,737
2026-03-03,16:53:55,6,9,19,739
2026-03-03,16:54:00,6,9,19,740
2026-03-03,16:54:05,6,9,19,742
2026-03-03,16:54:10,6,9,19,736
2026-03-03,16:54:15,6,9,18,744
2026-03-03,16:54:20,3,5,10,663
2026-03-03,16:54:26,1,1,3,669
2026-03-03,16:54:31,1,2,4,666
2026-03-03,16:54:36,1,2,4,671
2026-03-03,16:54:41,1,2,4,671
2026-03-03,16:54:46,1,2,4,671
2026-03-03,16:54:51,1,2,4,666
2026-03-03,16:54:56,1,2,4,672
2026-03-03,16:55:01,1,2,4,670
2026-03-03,16:55:06,1,2,4,671
2026-03-03,16:55:11,1,1,2,669
2026-03-03,16:55:16,1,1,3,670
2026-03-03,16:55:21,2,3,6,676
2026-03-03,16:55:26,2,3,7,677
2026-03-03,16:55:31,2,3,7,670
2026-03-03,16:55:36,2,3,7,674
2026-03-03,16:55:41,2,3,7,677
2026-03-03,16:55:46,2,4,8,676
2026-03-03,16:55:51,2,4,8,672
2026-03-03,16:55:56,2,4,8,675
2026-03-03,16:56:01,2,4,8,676
2026-03-03,16:56:06,2,4,8,676
2026-03-03,16:56:12,2,3,7,672
2026-03-03,16:56:17,2,4,8,675
2026-03-03,16:56:22,2,4,8,677
2026-03-03,16:56:27,2,4,8,684
2026-03-03,16:56:32,2,4,8,677
2026-03-03,16:56:37,2,4,8,678
2026-03-03,16:56:42,2,4,8,679
2026-03-03,16:56:47,2,4,8,679
2026-03-03,16:56:52,2,3,7,680
2026-03-03,16:56:57,2,3,7,685
2026-03-03,16:57:02,2,3,7,683
2026-03-03,16:57:07,2,3,7,682
2026-03-03,16:57:12,2,3,7,681
2026-03-03,16:57:17,2,3,7,681
2026-03-03,16:57:22,2,3,7,683
2026-03-03,16:57:27,2,3,7,682
2026-03-03,16:57:32,2,3,7,679
2026-03-03,16:57:37,2,3,7,682
2026-03-03,16:57:42,2,3,7,682
2026-03-03,16:57:47,2,3,7,683
2026-03-03,16:57:52,2,3,7,681
2026-03-03,16:57:58,2,3,7,682
2026-03-03,16:58:03,2,4,8,684
2026-03-03,16:58:08,2,3,7,682
2026-03-03,16:58:13,2,3,7,675
2026-03-03,16:58:18,2,3,7,684
2026-03-03,16:58:23,2,3,7,686
2026-03-03,16:58:28,2,3,7,684
2026-03-03,16:58:33,2,3,7,679
2026-03-03,16:58:38,2,3,7,684
2026-03-03,16:58:43,2,3,7,684
2026-03-03,16:58:48,2,3,7,684
2026-03-03,16:58:53,2,3,7,677
2026-03-03,16:58:58,2,3,7,681
2026-03-03,16:59:03,2,3,7,686
2026-03-03,16:59:08,2,3,7,683
2026-03-03,16:59:13,2,3,7,678
2026-03-03,16:59:18,2,3,7,680
2026-03-03,16:59:23,2,3,7,684
2026-03-03,16:59:28,1,2,5,680
2026-03-03,16:59:33,1,2,4,676
2026-03-03,16:59:38,2,3,6,683
2026-03-03,16:59:44,2,3,6,682
2026-03-03,16:59:49,2,3,6,681
2026-03-03,16:59:54,2,3,6,676
2026-03-03,16:59:59,2,3,6,685
2026-03-03,17:00:04,2,3,6,681
2026-03-03,17:00:09,2,3,6,681
2026-03-03,17:00:14,2,3,6,674
2026-03-03,17:00:19,2,3,6,680
2026-03-03,17:00:24,2,3,6,682
2026-03-03,17:00:29,2,3,6,686
2026-03-03,17:00:34,2,3,6,677
2026-03-03,17:00:39,2,3,6,682
2026-03-03,17:00:44,2,3,6,687
2026-03-03,17:00:49,2,3,6,684
2026-03-03,17:00:54,2,3,6,677
2026-03-03,17:00:59,2,3,6,685
2026-03-03,17:01:04,2,3,6,683
2026-03-03,17:01:09,2,3,6,682
2026-03-03,17:01:14,2,3,6,676
2026-03-03,17:01:19,2,3,6,682
2026-03-03,17:01:24,2,3,6,687
2026-03-03,17:01:30,2,3,6,684
2026-03-03,17:01:35,2,3,6,677
2026-03-03,17:01:40,2,3,6,681
2026-03-03,17:01:45,2,3,6,679
2026-03-03,17:01:50,2,3,6,681
2026-03-03,17:01:55,1,2,4,718
2026-03-03,17:02:00,0,0,1,729
2026-03-03,17:02:05,0,0,1,732
2026-03-03,17:02:10,0,0,1,734
2026-03-03,17:02:15,0,0,0,733
2026-03-03,17:02:20,1,2,4,739
2026-03-03,17:02:25,3,4,9,740
2026-03-03,17:02:30,3,5,11,738
2026-03-03,17:02:35,4,5,11,734
2026-03-03,17:02:40,4,5,11,739
2026-03-03,17:02:45,4,5,11,739
2026-03-03,17:02:50,4,5,11,736
2026-03-03,17:02:55,4,5,11,732
2026-03-03,17:03:00,4,5,11,736
2026-03-03,17:03:05,4,5,11,743
2026-03-03,17:03:10,4,5,11,746
2026-03-03,17:03:16,4,5,11,736
2026-03-03,17:03:21,4,5,11,739
2026-03-03,17:03:26,4,5,11,746
2026-03-03,17:03:31,4,5,11,742
2026-03-03,17:03:36,4,5,11,721
2026-03-03,17:03:41,4,5,11,725
2026-03-03,17:03:46,4,5,11,732
2026-03-03,17:03:51,4,5,11,734
2026-03-03,17:03:56,4,5,11,726
2026-03-03,17:04:01,4,5,11,728
2026-03-03,17:04:06,4,5,11,728
2026-03-03,17:04:11,4,5,11,724
2026-03-03,17:04:16,4,5,11,726
2026-03-03,17:04:21,4,5,11,726
2026-03-03,17:04:26,4,5,11,726
2026-03-03,17:04:31,4,5,11,728
2026-03-03,17:04:36,4,5,11,723
2026-03-03,17:04:41,4,5,11,727
2026-03-03,17:04:46,4,5,11,729
2026-03-03,17:04:51,4,5,11,730
2026-03-03,17:04:56,4,5,11,723
2026-03-03,17:05:01,4,5,11,726
2026-03-03,17:05:07,4,5,11,727
2026-03-03,17:05:12,4,5,11,720
2026-03-03,17:05:17,4,5,11,723
2026-03-03,17:05:22,4,5,11,721
2026-03-03,17:05:27,4,5,11,729
2026-03-03,17:05:32,4,5,11,730
2026-03-03,17:05:37,4,5,11,724
2026-03-03,17:05:42,4,5,11,731
2026-03-03,17:05:47,4,5,11,727
2026-03-03,17:05:52,4,5,11,728
2026-03-03,17:05:57,4,5,11,722
2026-03-03,17:06:02,4,5,11,727
2026-03-03,17:06:07,4,5,11,727
2026-03-03,17:06:12,4,5,11,718
2026-03-03,17:06:17,4,5,11,719
2026-03-03,17:06:22,4,5,11,721
2026-03-03,17:06:27,4,5,11,722
2026-03-03,17:06:32,4,5,11,730
2026-03-03,17:06:37,4,5,11,727
2026-03-03,17:06:42,4,5,11,729
2026-03-03,17:06:47,4,5,11,727
2026-03-03,17:06:53,4,5,11,725
2026-03-03,17:06:58,4,5,11,723
2026-03-03,17:07:03,4,5,11,726
2026-03-03,17:07:08,4,5,11,724
2026-03-03,17:07:13,4,5,11,726
2026-03-03,17:07:18,4,5,11,718
2026-03-03,17:07:23,4,5,11,722
2026-03-03,17:07:28,4,5,11,728
2026-03-03,17:07:33,4,5,11,728
2026-03-03,17:07:38,4,5,11,723
2026-03-03,17:07:43,4,5,11,725
2026-03-03,17:07:48,4,5,11,726
2026-03-03,17:07:53,4,5,11,730
2026-03-03,17:07:58,4,5,11,720
2026-03-03,17:08:03,4,5,11,718
2026-03-03,17:08:08,4,5,11,727
2026-03-03,17:08:13,4,5,11,725
2026-03-03,17:08:18,4,5,11,721
2026-03-03,17:08:23,4,5,11,724
2026-03-03,17:08:28,4,5,11,724
2026-03-03,17:08:33,4,5,11,726
2026-03-03,17:08:38,4,5,11,727
2026-03-03,17:08:44,4,5,11,732
2026-03-03,17:08:49,4,5,11,728
2026-03-03,17:08:54,4,5,11,731
2026-03-03,17:08:59,4,5,11,726
2026-03-03,17:09:04,4,5,11,726
2026-03-03,17:09:09,4,5,11,727
2026-03-03,17:09:14,4,5,11,723
2026-03-03,17:09:19,4,5,11,719
2026-03-03,17:09:24,4,5,11,729
2026-03-03,17:09:29,4,5,11,729
2026-03-03,17:09:34,4,5,11,725
2026-03-03,17:09:39,4,5,11,723
2026-03-03,17:09:44,4,5,11,729
2026-03-03,17:09:49,4,5,11,725
2026-03-03,17:09:54,4,5,11,727
2026-03-03,17:09:59,4,5,11,726
2026-03-03,17:10:04,4,5,11,723
2026-03-03,17:10:09,4,5,11,722
2026-03-03,17:10:15,4,5,11,724
2026-03-03,17:10:19,4,5,11,723
2026-03-03,17:10:25,4,5,11,730
2026-03-03,17:10:30,4,5,11,716
2026-03-03,17:10:35,4,5,11,723
2026-03-03,17:10:40,4,5,11,718
2026-03-03,17:10:45,4,5,11,721
2026-03-03,17:10:50,4,5,11,722
2026-03-03,17:10:55,4,5,11,732
2026-03-03,17:11:00,4,5,11,722
2026-03-03,17:11:05,4,5,11,727
2026-03-03,17:11:10,4,5,11,730
2026-03-03,17:11:15,4,5,11,730
2026-03-03,17:11:20,4,5,11,728
2026-03-03,17:11:25,4,5,11,726
2026-03-03,17:11:30,4,5,11,727
2026-03-03,17:11:35,4,5,11,723
2026-03-03,17:11:40,3,5,11,720
2026-03-03,17:11:45,3,5,11,728
2026-03-03,17:11:50,3,5,11,730
2026-03-03,17:11:55,3,5,11,730
2026-03-03,17:12:00,3,5,11,730
2026-03-03,17:12:06,3,5,11,728
2026-03-03,17:12:11,4,5,11,734
2026-03-03,17:12:16,3,5,11,730
2026-03-03,17:12:21,3,5,11,729
2026-03-03,17:12:26,3,5,11,729
2026-03-03,17:12:31,3,5,11,725
2026-03-03,17:12:36,3,5,11,727
2026-03-03,17:12:41,3,5,11,728
2026-03-03,17:12:46,3,5,11,731
2026-03-03,17:12:51,3,5,11,732
2026-03-03,17:12:56,3,5,11,733
2026-03-03,17:13:01,3,5,11,724
2026-03-03,17:13:06,3,5,11,726
2026-03-03,17:13:11,3,5,11,726
2026-03-03,17:13:16,3,5,11,728
2026-03-03,17:13:21,3,5,11,729
2026-03-03,17:13:26,3,5,11,724
2026-03-03,17:13:31,3,5,11,722
2026-03-03,17:13:36,3,5,11,726
2026-03-03,17:13:41,3,5,11,722
2026-03-03,17:13:46,3,5,11,726
2026-03-03,17:13:51,3,5,11,731
2026-03-03,17:13:57,3,5,11,728
2026-03-03,17:14:02,3,5,11,721
2026-03-03,17:14:07,3,5,11,725
2026-03-03,17:14:12,3,4,8,694
2026-03-03,17:14:17,1,1,3,673
2026-03-03,17:14:22,0,0,1,683
2026-03-03,17:14:27,0,1,2,681
2026-03-03,17:14:32,0,1,2,682
2026-03-03,17:14:37,0,0,1,692
2026-03-03,17:14:42,2,2,5,694
2026-03-03,17:14:47,3,5,10,692
2026-03-03,17:14:52,3,5,10,693
2026-03-03,17:14:57,3,5,11,699
2026-03-03,17:15:02,3,5,11,692
2026-03-03,17:15:07,4,5,11,691
2026-03-03,17:15:12,4,5,11,693
2026-03-03,17:15:17,4,5,11,692
2026-03-03,17:15:22,4,5,11,687
2026-03-03,17:15:27,4,5,11,693
2026-03-03,17:15:32,4,5,11,695
2026-03-03,17:15:38,4,5,11,695
2026-03-03,17:15:43,4,5,11,695
2026-03-03,17:15:48,4,5,11,694
2026-03-03,17:15:53,4,5,11,699
2026-03-03,17:15:58,4,5,11,699
2026-03-03,17:16:03,4,5,11,690
2026-03-03,17:16:08,4,5,11,698
2026-03-03,17:16:13,4,5,11,700
2026-03-03,17:16:18,4,5,11,700
2026-03-03,17:16:23,4,5,11,691
2026-03-03,17:16:28,4,5,11,695
2026-03-03,17:16:33,4,5,11,699
2026-03-03,17:16:38,4,5,11,698
2026-03-03,17:16:43,4,5,11,693
2026-03-03,17:16:48,4,5,11,702
2026-03-03,17:16:53,4,5,11,700
2026-03-03,17:16:58,4,5,11,701
2026-03-03,17:17:03,4,5,11,698
2026-03-03,17:17:08,4,5,11,697
2026-03-03,17:17:13,4,5,11,697
2026-03-03,17:17:18,4,5,11,699
2026-03-03,17:17:23,4,5,11,695
2026-03-03,17:17:29,4,5,11,699
2026-03-03,17:17:34,4,5,11,700
2026-03-03,17:17:39,4,5,11,701
2026-03-03,17:17:44,4,5,11,697
2026-03-03,17:17:49,4,5,11,701
2026-03-03,17:17:54,4,5,11,704
2026-03-03,17:17:59,4,5,11,701
2026-03-03,17:18:04,4,5,11,695
2026-03-03,17:18:09,4,5,11,698
2026-03-03,17:18:14,4,5,11,702
2026-03-03,17:18:19,4,5,11,702
2026-03-03,17:18:24,4,5,11,694
2026-03-03,17:18:29,4,5,11,698
2026-03-03,17:18:34,4,5,11,703
2026-03-03,17:18:39,4,5,11,702
2026-03-03,17:18:44,4,5,11,696
2026-03-03,17:18:49,4,5,11,700
2026-03-03,17:18:54,4,5,11,700
2026-03-03,17:18:59,4,5,11,706
2026-03-03,17:19:04,4,5,11,694
2026-03-03,17:19:10,4,5,11,699
2026-03-03,17:19:15,4,5,11,702
2026-03-03,17:19:20,4,5,11,699
2026-03-03,17:19:25,4,5,11,700
2026-03-03,17:19:30,4,5,11,699
2026-03-03,17:19:35,4,5,11,699
2026-03-03,17:19:40,4,5,11,701
2026-03-03,17:19:45,4,5,11,701
2026-03-03,17:19:50,4,5,11,700
2026-03-03,17:19:55,4,5,11,701
2026-03-03,17:20:00,4,5,11,702
2026-03-03,17:20:05,4,5,11,697
2026-03-03,17:20:10,4,5,11,705
2026-03-03,17:20:15,4,5,11,702
2026-03-03,17:20:20,4,5,11,703
2026-03-03,17:20:25,4,5,11,694
2026-03-03,17:20:30,4,5,11,703
2026-03-03,17:20:35,4,5,11,701
2026-03-03,17:20:40,4,5,11,702
2026-03-03,17:20:45,4,5,11,696
2026-03-03,17:20:50,4,5,11,701
2026-03-03,17:20:56,4,5,11,701
2026-03-03,17:21:01,4,5,11,703
2026-03-03,17:21:06,4,5,11,691
2026-03-03,17:21:11,4,5,11,701
2026-03-03,17:21:16,4,5,11,701
2026-03-03,17:21:21,4,5,11,706
2026-03-03,17:21:26,4,5,11,699
2026-03-03,17:21:31,4,5,11,704
2026-03-03,17:21:36,4,5,11,701
2026-03-03,17:21:41,4,5,11,702
2026-03-03,17:21:46,4,5,11,693
2026-03-03,17:21:51,4,5,11,698
2026-03-03,17:21:56,4,5,11,700
2026-03-03,17:22:01,4,5,11,700
2026-03-03,17:22:06,4,5,11,693
2026-03-03,17:22:11,4,5,11,690
2026-03-03,17:22:16,4,5,11,699
2026-03-03,17:22:21,4,5,11,699
2026-03-03,17:22:26,4,5,11,693
2026-03-03,17:22:31,4,5,11,697
2026-03-03,17:22:36,4,5,11,697
2026-03-03,17:24:20,4,5,11,693
2026-03-03,17:24:20,4,5,11,702
2026-03-03,17:24:19,4,5,11,703
2026-03-03,17:24:20,4,5,11,701
2026-03-03,17:24:20,4,5,11,692
2026-03-03,17:24:20,4,5,11,694
2026-03-03,17:24:20,4,5,11,696
2026-03-03,17:24:20,4,5,11,690
2026-03-03,17:24:20,4,5,11,692
2026-03-03,17:24:20,4,5,11,693
2026-03-03,17:24:20,4,5,11,698
2026-03-03,17:24:20,4,5,11,697
2026-03-03,17:24:20,4,5,11,701
2026-03-03,17:24:20,4,5,11,696
2026-03-03,17:24:20,4,5,11,691
2026-03-03,17:24:20,4,5,11,699
2026-03-03,17:24:20,4,5,11,691
2026-03-03,17:24:20,4,5,11,696
2026-03-03,17:24:20,4,5,11,695
2026-03-03,17:24:20,4,5,11,701
2026-03-03,17:24:22,4,5,11,697
2026-03-03,17:24:28,4,5,11,695
2026-03-03,17:24:33,4,5,11,696
2026-03-03,17:24:38,3,5,11,695
2026-03-03,17:24:43,2,3,6,685
2026-03-03,17:24:48,1,2,4,679
2026-03-03,17:24:53,2,3,6,686
2026-03-03,17:24:58,2,3,6,684
2026-03-03,17:25:03,2,3,6,688
2026-03-03,17:25:08,2,3,6,685
2026-03-03,17:25:13,2,3,6,690
2026-03-03,17:25:18,2,3,6,692
2026-03-03,17:25:23,2,3,6,695
2026-03-03,17:25:28,2,3,6,693
2026-03-03,17:25:33,2,3,6,695
2026-03-03,17:25:38,2,3,6,693
2026-03-03,17:25:43,2,3,6,694
2026-03-03,17:25:48,2,3,6,691
2026-03-03,17:25:53,2,3,6,699
2026-03-03,17:25:58,2,3,6,694
2026-03-03,17:26:03,2,3,6,697
2026-03-03,17:26:08,2,3,6,694
2026-03-03,17:26:14,2,3,6,695
2026-03-03,17:26:19,2,3,6,703
2026-03-03,17:26:24,2,3,6,698
2026-03-03,17:26:29,2,3,6,697
2026-03-03,17:26:34,2,3,6,695
2026-03-03,17:26:39,2,3,6,697
2026-03-03,17:26:44,2,3,6,694
2026-03-03,17:26:49,2,3,6,692
2026-03-03,17:26:54,2,3,6,683
2026-03-03,17:26:59,1,2,5,687
2026-03-03,17:27:04,1,2,5,691
2026-03-03,17:27:09,4,5,11,683
2026-03-03,17:27:14,5,7,14,690
2026-03-03,17:27:19,5,7,14,688
2026-03-03,17:27:24,5,7,14,683
2026-03-03,17:27:29,5,7,14,681
2026-03-03,17:27:34,5,7,14,685
2026-03-03,17:27:39,5,7,14,686
2026-03-03,17:27:44,5,7,14,687
2026-03-03,17:27:49,5,7,14,681
2026-03-03,17:27:54,5,7,14,686
2026-03-03,17:28:00,5,7,14,690
2026-03-03,17:28:05,5,7,14,688
2026-03-03,17:28:10,5,7,14,684
2026-03-03,17:28:15,5,7,14,691
2026-03-03,17:28:20,5,7,14,692
2026-03-03,17:28:25,5,7,14,692
2026-03-03,17:28:30,5,7,14,684
2026-03-03,17:28:35,5,7,14,685
2026-03-03,17:28:40,5,7,14,688
2026-03-03,17:28:45,5,7,14,691
2026-03-03,17:28:50,5,7,14,685
2026-03-03,17:28:55,5,7,14,688
2026-03-03,17:29:00,5,7,14,685
2026-03-03,17:29:05,5,7,14,687
2026-03-03,17:29:10,5,7,14,679
2026-03-03,17:29:15,5,7,14,686
2026-03-03,17:29:20,5,7,14,687
2026-03-03,17:29:25,5,7,14,690
2026-03-03,17:29:30,5,7,14,682
2026-03-03,17:29:35,5,7,14,692
2026-03-03,17:29:40,5,7,14,684
2026-03-03,17:29:46,5,7,15,689
2026-03-03,17:29:51,5,7,14,681
2026-03-03,17:29:56,5,7,14,689
2026-03-03,17:30:01,5,7,14,689
2026-03-03,17:30:06,5,7,14,689
2026-03-03,17:30:11,5,7,14,685
2026-03-03,17:30:16,5,7,14,690
2026-03-03,17:30:21,5,7,14,692
2026-03-03,17:30:26,5,7,14,695
2026-03-03,17:30:31,5,7,15,685
2026-03-03,17:30:36,5,7,14,689
2026-03-03,17:36:53,5,7,14,689
2026-03-03,17:36:53,5,7,14,690
2026-03-03,17:36:53,5,7,14,685
2026-03-03,17:36:53,5,7,14,690
2026-03-03,17:36:53,5,7,14,694
2026-03-03,17:36:53,5,7,14,692
2026-03-03,17:36:53,5,7,14,688
2026-03-03,17:36:53,5,7,14,692
2026-03-03,17:36:54,5,7,14,688
2026-03-03,17:36:54,5,7,14,689
2026-03-03,17:36:54,5,7,14,689
2026-03-03,17:36:54,5,7,14,692
2026-03-03,17:36:54,5,7,14,682
2026-03-03,17:36:54,5,7,14,690
2026-03-03,17:36:54,5,7,14,691
2026-03-03,17:36:54,5,7,14,689
2026-03-03,17:36:54,5,7,14,693
2026-03-03,17:36:54,5,7,14,695
2026-03-03,17:36:54,5,7,14,689
2026-03-03,17:36:54,5,7,14,690
2026-03-03,17:36:54,5,7,14,693
2026-03-03,17:36:54,5,7,14,690
2026-03-03,17:36:54,5,7,14,688
2026-03-03,17:36:54,5,7,14,697
2026-03-03,17:36:54,5,7,14,694
2026-03-03,17:36:55,5,7,14,696
2026-03-03,17:36:55,5,7,14,693
2026-03-03,17:36:55,5,7,14,692
2026-03-03,17:36:55,5,7,14,697
2026-03-03,17:36:55,5,7,14,698
2026-03-03,17:36:55,5,7,14,698
2026-03-03,17:36:55,5,7,14,696
2026-03-03,17:36:55,5,7,14,698
2026-03-03,17:36:55,5,7,14,695
2026-03-03,17:36:55,5,7,14,686
2026-03-03,17:36:55,5,7,14,700
2026-03-03,17:36:55,5,7,14,699
2026-03-03,17:36:55,5,7,14,695
2026-03-03,17:36:55,5,7,14,689
2026-03-03,17:36:56,5,7,14,696
2026-03-03,17:36:55,5,7,14,692
2026-03-03,17:36:56,5,7,14,698
2026-03-03,17:36:56,5,7,14,692
2026-03-03,17:36:56,5,7,14,693
2026-03-03,17:36:56,5,7,14,698
2026-03-03,17:36:56,5,7,14,698
2026-03-03,17:36:56,5,7,14,691
2026-03-03,17:36:56,5,7,14,697
2026-03-03,17:36:56,5,7,14,697
2026-03-03,17:36:56,5,7,14,698
2026-03-03,17:36:56,5,7,14,696
2026-03-03,17:36:56,5,7,14,693
2026-03-03,17:36:56,5,7,14,697
2026-03-03,17:36:56,5,7,14,700
2026-03-03,17:36:56,5,7,14,692
2026-03-03,17:36:56,5,7,14,697
2026-03-03,17:36:57,5,7,14,697
2026-03-03,17:36:57,5,7,14,701
2026-03-03,17:36:57,5,7,14,693
2026-03-03,17:36:57,5,7,14,699
2026-03-03,17:36:57,5,7,14,700
2026-03-03,17:36:57,5,7,14,700
2026-03-03,17:36:57,5,7,14,694
2026-03-03,17:36:57,5,7,14,699
2026-03-03,17:36:57,5,7,14,695
2026-03-03,17:36:57,5,7,14,697
2026-03-03,17:36:57,5,7,14,698
2026-03-03,17:36:57,5,7,14,701
2026-03-03,17:36:57,5,7,14,701
2026-03-03,17:36:58,5,7,14,700
2026-03-03,17:36:58,5,7,14,697
2026-03-03,17:36:58,5,7,14,700
2026-03-03,17:36:58,5,7,14,703
2026-03-03,17:36:58,5,7,14,698
2026-03-03,17:36:58,5,7,14,696
2026-03-03,17:37:00,5,7,14,696
2026-03-03,17:37:05,5,7,14,696
2026-03-03,17:37:10,5,7,14,698
2026-03-03,17:37:15,5,7,14,693
2026-03-03,17:37:20,5,7,14,697
2026-03-03,17:37:25,5,7,14,697
2026-03-03,17:37:30,5,7,14,693
2026-03-03,17:37:35,5,7,14,693
2026-03-03,17:37:40,5,7,14,694
2026-03-03,17:37:45,5,7,14,697
2026-03-03,17:37:50,5,7,14,699
2026-03-03,17:37:55,5,7,14,692
2026-03-03,17:38:00,5,7,14,694
2026-03-03,17:38:05,5,7,14,696
2026-03-03,17:38:10,5,7,14,700
2026-03-03,17:38:15,5,7,14,693
2026-03-03,17:38:20,5,7,14,699
2026-03-03,17:38:25,5,7,14,694
2026-03-03,17:38:30,5,7,14,698
2026-03-03,17:38:36,5,7,14,691
2026-03-03,17:38:41,5,7,14,692
2026-03-03,17:38:46,5,7,14,697
2026-03-03,17:38:51,5,7,14,696
2026-03-03,17:38:56,5,7,14,687
2026-03-03,17:39:01,5,7,14,687
2026-03-03,17:39:06,5,7,14,699
2026-03-03,17:39:11,5,7,14,695
2026-03-03,17:39:16,5,7,14,691
2026-03-03,17:39:21,5,7,14,693
2026-03-03,17:39:26,5,7,14,693
2026-03-03,17:39:31,5,7,14,697
2026-03-03,17:39:36,5,7,14,687
2026-03-03,17:39:41,5,7,14,689
2026-03-03,17:39:46,5,7,14,697
2026-03-03,17:39:51,5,7,14,695
2026-03-03,17:39:56,5,7,14,690
2026-03-03,17:40:01,5,7,14,689
2026-03-03,17:40:06,5,7,14,698
2026-03-03,17:40:11,5,7,14,695
2026-03-03,17:40:16,5,7,14,691
2026-03-03,17:40:22,5,7,14,695
2026-03-03,17:40:27,5,7,14,692
2026-03-03,17:40:32,5,7,14,697
2026-03-03,17:40:37,5,7,14,689
2026-03-03,17:40:42,5,7,14,692
2026-03-03,17:40:47,5,7,14,695
2026-03-03,17:40:52,3,4,8,978
2026-03-03,17:40:57,0,0,0,944
2026-03-03,17:41:02,0,0,0,955
2026-03-03,17:41:07,0,1,2,962
2026-03-03,17:41:12,1,2,5,955
2026-03-03,17:41:17,2,3,6,995
2026-03-03,17:41:22,2,3,6,979
2026-03-03,17:41:27,2,3,6,980
2026-03-03,17:41:32,2,3,6,938
2026-03-03,17:41:37,2,2,5,910
2026-03-03,17:41:42,1,2,5,915
2026-03-03,17:41:47,1,2,5,790
2026-03-03,17:41:52,1,2,5,747
2026-03-03,17:41:57,1,2,4,736
2026-03-03,17:42:02,4,5,11,742
2026-03-03,17:42:08,7,10,20,743
2026-03-03,17:42:13,7,10,21,754
2026-03-03,17:42:18,8,11,22,751
2026-03-03,17:42:23,8,11,23,755
2026-03-03,17:42:28,8,11,23,758
2026-03-03,17:42:33,9,12,25,764
2026-03-03,17:42:38,9,13,26,756
2026-03-03,17:42:43,9,13,27,759
2026-03-03,17:42:48,9,13,27,765
2026-03-03,17:42:53,9,13,27,762
2026-03-03,17:42:58,9,13,27,757
2026-03-03,17:43:03,9,13,27,759
2026-03-03,17:43:08,9,13,27,760
2026-03-03,17:43:13,9,13,27,763
2026-03-03,17:43:18,9,13,27,755
2026-03-03,17:43:23,9,13,27,756
2026-03-03,17:43:28,9,13,27,757
2026-03-03,17:43:33,9,13,27,756
2026-03-03,17:43:38,9,13,27,749
2026-03-03,17:43:43,9,13,27,758
2026-03-03,17:43:48,9,13,27,754
2026-03-03,17:43:54,9,13,27,753
2026-03-03,17:43:59,9,13,27,746
2026-03-03,17:44:04,9,13,27,752
2026-03-03,17:44:09,9,13,27,750
2026-03-03,17:44:14,9,13,27,750
2026-03-03,17:44:19,9,13,27,742
2026-03-03,17:44:24,9,13,27,744
2026-03-03,17:44:29,9,13,27,742
2026-03-03,17:44:34,9,13,27,743
2026-03-03,17:44:39,9,13,27,737
2026-03-03,17:44:44,9,13,27,742
2026-03-03,17:44:49,9,13,27,740
2026-03-03,17:44:54,9,13,27,742
2026-03-03,17:44:59,9,13,27,735
2026-03-03,17:45:04,9,13,27,739
2026-03-03,17:45:09,9,13,27,738
2026-03-03,17:45:14,9,13,27,740
2026-03-03,17:45:19,9,13,27,736
2026-03-03,17:45:24,9,13,27,734
2026-03-03,17:45:29,9,13,27,735
2026-03-03,17:45:34,9,13,27,735
2026-03-03,17:45:40,9,13,27,729
2026-03-03,17:45:45,9,13,27,737
2026-03-03,17:45:50,9,13,27,735
2026-03-03,17:45:55,9,13,27,733
2026-03-03,17:46:00,9,13,27,727
2026-03-03,17:46:05,9,13,27,732
2026-03-03,17:46:10,9,13,27,730
2026-03-03,17:46:15,9,13,27,728
2026-03-03,17:46:20,9,13,27,721
2026-03-03,17:46:25,9,13,27,725
2026-03-03,17:46:30,9,13,27,727
2026-03-03,17:46:35,9,13,27,728
2026-03-03,17:46:40,9,13,27,721
2026-03-03,17:46:45,9,13,27,724
2026-03-03,17:46:50,9,13,27,726
2026-03-03,17:46:55,9,13,27,725
2026-03-03,17:47:00,9,13,27,724
2026-03-03,17:47:05,9,13,27,725
2026-03-03,17:47:10,9,13,27,725
2026-03-03,17:47:15,9,13,27,726
2026-03-03,17:47:21,9,13,27,720
2026-03-03,17:47:26,9,13,27,727
2026-03-03,17:47:31,9,13,27,726
2026-03-03,17:47:36,9,13,27,724
2026-03-03,17:47:58,9,13,26,718
2026-03-03,17:47:58,9,13,27,726
2026-03-03,17:47:58,9,13,27,726
2026-03-03,17:47:58,9,13,27,724
2026-03-03,17:48:01,9,13,27,719
2026-03-03,17:48:06,9,13,27,726
2026-03-03,17:48:11,9,13,27,722
2026-03-03,17:48:16,9,13,27,726
2026-03-03,17:48:21,9,13,27,718
2026-03-03,17:48:26,9,13,27,721
2026-03-03,17:48:31,9,13,26,725
2026-03-03,17:48:36,9,13,26,723
2026-03-03,17:48:41,9,13,27,719
2026-03-03,17:48:46,9,13,27,723
2026-03-03,17:48:51,9,13,27,729
2026-03-03,17:48:56,9,13,27,726
2026-03-03,17:49:01,9,13,27,725
2026-03-03,17:49:06,9,13,27,724
2026-03-03,17:49:12,9,13,27,725
2026-03-03,17:49:17,9,13,27,725
2026-03-03,17:49:22,9,13,27,721
2026-03-03,17:49:27,9,13,27,726
2026-03-03,17:49:32,9,13,27,729
2026-03-03,17:49:37,9,13,27,728
2026-03-03,17:49:42,9,13,27,721
2026-03-03,17:49:47,9,13,27,724
2026-03-03,17:49:52,9,13,27,729
2026-03-03,17:49:57,9,13,27,726
2026-03-03,17:50:02,9,13,27,722
2026-03-03,17:50:07,9,13,27,728
2026-03-03,17:50:12,9,13,27,725
2026-03-03,17:50:17,9,13,27,726
2026-03-03,17:50:22,9,13,27,720
2026-03-03,17:50:27,9,13,27,726
2026-03-03,17:50:32,9,13,27,727
2026-03-03,17:50:37,9,13,27,726
2026-03-03,17:50:42,9,13,27,720
2026-03-03,17:50:47,9,13,27,725
2026-03-03,17:50:53,9,13,27,725
2026-03-03,17:50:58,9,13,27,727
2026-03-03,17:51:03,9,13,27,721
2026-03-03,17:51:08,9,13,27,728
2026-03-03,17:51:13,9,13,27,726
2026-03-03,17:51:18,9,13,27,727
2026-03-03,17:51:23,9,13,27,724
2026-03-03,17:51:28,9,13,27,729
2026-03-03,17:51:33,9,13,27,731
2026-03-03,17:51:38,9,13,27,728
2026-03-03,17:51:43,9,13,27,721
2026-03-03,17:51:48,9,13,27,725
2026-03-03,17:51:53,9,13,27,726
2026-03-03,17:51:58,9,13,27,727
2026-03-03,17:52:03,9,13,27,722
2026-03-03,17:52:08,9,13,27,728
2026-03-03,17:52:13,9,13,27,730
2026-03-03,17:52:18,9,13,27,728
2026-03-03,17:52:23,9,13,27,723
2026-03-03,17:52:28,9,13,27,726
2026-03-03,17:52:33,9,13,27,732
2026-03-03,17:52:39,9,13,27,729
2026-03-03,17:52:44,9,13,27,723
2026-03-03,17:52:49,9,13,27,729
2026-03-03,17:52:54,9,13,27,730
2026-03-03,17:52:59,9,13,27,729
2026-03-03,17:53:04,9,13,27,725
2026-03-03,17:53:09,9,13,27,729
2026-03-03,17:53:14,9,13,27,727
2026-03-03,17:53:19,9,13,27,732
2026-03-03,17:53:24,9,13,27,723
2026-03-03,17:53:29,9,13,27,725
2026-03-03,17:53:34,9,13,27,728
2026-03-03,17:53:39,9,13,27,728
2026-03-03,17:53:44,9,13,27,722
2026-03-03,17:53:49,9,13,27,725
2026-03-03,17:53:54,9,13,27,727
2026-03-03,17:53:59,9,13,27,728
2026-03-03,17:54:04,9,13,27,721
2026-03-03,17:54:09,9,13,27,723
2026-03-03,17:54:14,9,13,27,725
2026-03-03,17:54:19,9,13,27,730
2026-03-03,17:54:25,9,13,27,720
2026-03-03,17:54:30,9,13,27,724
2026-03-03,17:54:35,9,13,27,724
2026-03-03,17:54:40,9,13,27,726
2026-03-03,17:54:45,9,13,27,724
2026-03-03,17:54:50,9,13,27,728
2026-03-03,17:54:55,9,13,27,725
2026-03-03,17:55:00,9,13,27,727
2026-03-03,17:55:05,9,13,27,721
2026-03-03,17:55:10,9,13,27,729
2026-03-03,17:55:15,9,13,27,726
2026-03-03,17:55:20,9,13,27,730
2026-03-03,17:55:25,9,13,27,721
2026-03-03,17:55:30,9,13,27,723
2026-03-03,17:55:35,9,13,27,725
2026-03-03,17:55:40,9,13,27,730
2026-03-03,17:55:45,9,13,27,725
2026-03-03,17:55:50,9,13,27,725
2026-03-03,17:55:55,9,13,27,725
2026-03-07,11:22:40,0,0,0,445
2026-03-07,11:22:47,0,0,0,443
2026-03-07,11:22:54,0,0,0,441
2026-03-07,11:23:01,0,0,0,442
2026-03-07,11:23:08,0,0,0,443
2026-03-07,11:23:15,0,0,0,440
2026-03-07,11:23:22,0,0,0,442
2026-03-07,11:33:32,0,0,0,435
2026-03-07,11:33:38,0,0,0,435
2026-03-07,11:33:45,0,0,0,436
2026-03-07,11:33:53,0,0,0,437
2026-03-07,11:34:00,0,0,0,436
2026-03-07,11:34:07,0,0,0,435
2026-03-07,11:34:14,0,0,0,436
2026-03-07,11:34:21,0,0,0,436
2026-03-07,11:34:28,0,0,0,435
2026-03-07,11:34:35,0,0,0,436
2026-03-07,11:34:42,0,0,0,434
2026-03-07,11:34:49,0,0,0,439
2026-03-07,11:34:56,0,0,0,441
2026-03-07,11:35:03,0,0,0,437
2026-03-07,11:35:10,0,0,0,435
2026-03-07,11:35:17,0,0,0,436
2026-03-07,11:35:24,0,0,0,435
2026-03-07,11:35:31,0,0,0,436
2026-03-07,11:35:36,32,44,89,436
2026-03-07,11:35:41,35,49,98,430
2026-03-07,11:35:46,36,51,102,435
2026-03-07,11:35:51,36,51,102,435
2026-03-07,11:35:56,36,51,102,435
2026-03-07,11:36:01,36,51,102,428
2026-03-07,11:36:06,36,51,102,433
2026-03-07,11:36:11,36,51,102,434
2026-03-07,11:36:16,36,50,101,435
2026-03-07,11:36:21,36,51,102,430
2026-03-07,11:36:27,36,50,101,433
2026-03-07,11:36:32,36,50,101,435
2026-03-07,11:36:37,36,50,101,436
2026-03-07,11:36:42,36,50,101,432
2026-03-07,11:36:47,36,50,101,434
2026-03-07,11:36:52,36,50,101,440
2026-03-07,11:36:57,36,50,101,437
2026-03-07,11:37:02,36,50,101,430
2026-03-07,11:37:07,36,51,102,434
2026-03-07,11:37:12,36,50,101,435
2026-03-07,11:37:17,36,50,101,438
2026-03-07,11:37:22,36,50,101,431
2026-03-07,11:37:27,36,50,101,433
2026-03-07,11:37:32,36,50,101,438
2026-03-07,11:37:37,36,50,101,436
2026-03-07,11:37:42,36,50,101,429
2026-03-07,11:37:47,36,50,101,435
2026-03-07,11:37:52,36,50,101,437
2026-03-07,11:37:57,36,50,101,437
2026-03-07,11:38:02,36,50,101,429
2026-03-07,11:38:08,36,50,101,438
2026-03-07,11:38:13,36,50,101,435
2026-03-07,11:38:18,36,50,101,436
2026-03-07,11:38:23,36,50,101,429
2026-03-07,11:38:28,36,50,101,435
2026-03-07,11:38:33,36,50,101,436
2026-03-07,11:38:38,36,50,101,436
2026-03-07,11:38:43,36,50,101,428
2026-03-07,11:38:48,36,50,101,437
2026-03-07,11:38:53,36,50,101,440
2026-03-07,11:38:58,36,50,101,440
2026-03-07,11:39:03,36,50,101,429
2026-03-07,11:39:08,36,50,101,433
2026-03-07,11:39:13,36,50,101,435
2026-03-07,11:39:18,36,50,101,437
2026-03-07,11:39:23,36,50,101,428
2026-03-07,11:39:28,36,50,101,439
2026-03-07,11:39:33,36,50,101,436
2026-03-07,11:39:38,36,50,101,439
2026-03-07,11:40:04,36,50,101,431
2026-03-07,11:40:09,36,50,101,438
2026-03-07,11:40:14,36,50,101,434
2026-03-07,11:40:19,36,50,101,436
2026-03-07,11:40:24,36,50,101,428
2026-03-07,11:40:29,36,50,101,433
2026-03-07,11:40:34,36,50,101,436
2026-03-07,11:40:39,36,50,101,438
2026-03-07,11:40:44,36,50,101,427
2026-03-07,11:40:49,36,50,101,433
2026-03-07,11:40:54,36,50,101,434
2026-03-07,11:40:59,36,50,101,434
2026-03-07,11:41:04,36,50,101,426
2026-03-07,11:43:25,0,0,0,437
2026-03-07,11:43:32,0,0,0,435
2026-03-07,11:43:39,0,0,0,436
2026-03-07,11:43:46,0,0,0,435
2026-03-07,11:43:53,0,0,0,435
2026-03-07,11:44:00,0,0,0,434
2026-03-07,11:44:07,0,0,0,435
2026-03-07,11:44:14,0,0,0,435
2026-03-07,11:44:21,0,0,0,437
2026-03-07,11:44:29,0,0,0,439
2026-03-07,11:44:36,0,0,0,440
2026-03-07,11:44:42,0,0,0,435
2026-03-07,11:44:50,0,0,0,437
2026-03-07,11:44:57,0,0,0,436
2026-03-07,11:45:04,0,0,0,435
2026-03-07,11:45:11,0,0,0,435
2026-03-07,11:45:18,0,0,0,434
2026-03-07,11:45:25,0,0,0,435
2026-03-07,11:45:32,0,0,0,434
2026-03-07,11:45:39,0,0,0,434
2026-03-07,11:45:46,0,0,0,435
2026-03-07,11:45:53,0,0,0,435
2026-03-07,11:46:00,0,0,0,434
2026-03-07,11:46:07,0,0,0,437
2026-03-07,11:46:14,0,0,0,440
2026-03-07,11:46:21,0,0,0,442
2026-03-07,11:46:26,32,45,90,435
2026-03-07,11:46:31,35,49,99,427
2026-03-07,11:46:36,36,50,101,433
2026-03-07,11:46:41,36,50,101,437
2026-03-07,11:46:46,36,50,101,434
2026-03-07,12:07:39,0,0,0,431
2026-03-07,12:07:46,0,0,0,435
2026-03-07,12:07:53,0,0,0,436
2026-03-07,12:08:00,0,0,0,431
2026-03-07,12:08:07,0,0,0,435
2026-03-07,12:08:14,0,0,0,436
2026-03-07,12:08:21,0,0,0,432
2026-03-07,12:08:28,0,0,0,435
2026-03-07,12:08:35,0,0,0,437
2026-03-07,12:08:42,0,0,0,437
2026-03-07,12:08:49,0,0,0,434
2026-03-07,12:08:56,0,0,0,431
2026-03-07,12:09:03,0,0,0,434
2026-03-07,12:09:10,0,0,0,436
2026-03-07,12:09:17,0,0,0,431
2026-03-07,12:09:25,0,0,0,431
2026-03-07,12:09:32,0,0,0,433
2026-03-07,12:09:39,0,0,0,431
2026-03-07,12:09:46,0,0,0,432
2026-03-07,12:09:53,0,0,0,432
2026-03-07,12:10:00,0,0,0,431
2026-03-07,12:10:07,0,0,0,436
2026-03-07,12:10:14,0,0,0,432
2026-03-07,12:10:21,0,0,0,432
2026-03-07,12:10:28,0,0,0,431
2026-03-07,12:10:35,0,0,0,431
2026-03-07,12:10:42,0,0,0,433
2026-03-07,12:10:49,0,0,0,435
2026-03-07,12:10:56,0,0,0,437
2026-03-07,12:11:03,0,0,0,437
2026-03-07,12:12:06,0,0,0,433
2026-03-07,12:12:13,0,0,0,434
2026-03-07,12:12:20,0,0,0,436
2026-03-07,12:12:27,0,0,0,435
2026-03-07,12:12:34,0,0,0,430
2026-03-07,12:12:41,0,0,0,431
2026-03-07,12:12:48,0,0,0,431
2026-03-07,12:12:55,0,0,0,430
2026-03-07,12:13:02,0,0,0,430
2026-03-07,12:13:09,0,0,0,430
2026-03-07,12:13:16,0,0,0,430
2026-03-07,12:13:24,0,0,0,429
2026-03-07,12:13:31,0,0,0,435
2026-03-07,12:13:38,0,0,0,430
2026-03-07,12:13:45,0,0,0,429
2026-03-07,12:13:52,0,0,0,430
2026-03-07,12:13:59,0,0,0,432
2026-03-07,12:14:06,0,0,0,430
2026-03-07,12:14:13,0,0,0,429
2026-03-07,12:14:20,0,0,0,429
2026-03-07,12:14:27,0,0,0,429
2026-03-07,12:14:34,0,0,0,429
2026-03-07,12:14:41,0,0,0,429
2026-03-07,12:14:48,0,0,0,432
2026-03-07,12:14:55,0,0,0,434
2026-03-07,12:15:02,0,0,0,435
2026-03-07,12:15:09,0,0,0,432
2026-03-07,12:15:16,0,0,0,430
2026-03-07,12:15:23,0,0,0,432
2026-03-07,12:15:30,0,0,0,430
2026-03-07,12:15:37,0,0,0,430
2026-03-07,12:15:44,0,0,0,432
2026-03-07,12:15:51,0,0,0,430
2026-03-07,12:15:58,0,0,0,430
2026-03-07,12:16:05,0,0,0,430
2026-03-07,12:16:12,0,0,0,430
2026-03-07,12:16:19,0,0,0,429
2026-03-07,12:19:31,0,0,0,433
2026-03-07,12:19:38,0,0,0,431
2026-03-07,12:19:45,0,0,0,428
2026-03-07,12:19:52,0,0,0,431
2026-03-07,12:19:59,0,0,0,428
2026-03-07,12:20:06,0,0,0,428
2026-03-07,12:20:13,0,0,0,431
2026-03-07,12:20:20,0,0,0,428
2026-03-07,12:20:27,0,0,0,428
2026-03-07,12:20:34,0,0,0,433
2026-03-07,12:20:41,0,0,0,428
2026-03-07,12:20:48,0,0,0,428
2026-03-07,12:20:55,0,0,0,429
2026-03-07,12:21:03,0,0,0,428
2026-03-07,12:21:10,0,0,0,428
2026-03-07,12:21:17,0,0,0,429
2026-03-07,12:21:24,0,0,0,428
2026-03-07,12:21:31,0,0,0,428
2026-03-07,12:21:38,0,0,0,428
2026-03-07,12:21:45,0,0,0,427
2026-03-07,12:21:52,0,0,0,431
2026-03-07,12:21:59,0,0,0,432
2026-03-07,12:22:06,0,0,0,428
2026-03-07,12:22:13,0,0,0,431
2026-03-07,12:22:20,0,0,0,433
2026-03-07,12:22:27,0,0,0,435
2026-03-07,12:22:34,0,0,0,433
2026-03-07,12:22:41,0,0,0,432
2026-03-07,12:22:48,0,0,0,430
2026-03-07,12:22:55,0,0,0,429
2026-03-07,12:23:02,0,0,0,428
2026-03-07,12:23:09,0,0,0,429
2026-03-07,12:23:16,0,0,0,429
2026-03-07,12:23:23,0,0,0,428
2026-03-07,12:23:30,0,0,0,427
2026-03-07,12:23:37,0,0,0,427
2026-03-07,12:23:44,0,0,0,427
2026-03-07,12:23:51,0,0,0,427
2026-03-07,12:23:58,0,0,0,427
2026-03-07,12:24:05,0,0,0,427
2026-03-07,12:24:12,0,0,0,427
2026-03-07,12:24:19,0,0,0,427
2026-03-07,12:24:26,0,0,0,427
2026-03-07,12:24:33,0,0,0,431
2026-03-07,12:24:40,0,0,0,432
2026-03-07,12:24:47,0,0,0,433
2026-03-07,12:24:54,0,0,0,432
2026-03-07,12:25:01,0,0,0,433
2026-03-07,12:25:09,0,0,0,428
2026-03-07,12:25:16,0,0,0,431
2026-03-07,12:25:23,0,0,0,428
2026-03-07,12:25:30,0,0,0,428
2026-03-07,12:25:37,0,0,0,428
2026-03-07,12:25:44,0,0,0,428
2026-03-07,12:25:51,0,0,0,427
2026-03-07,12:25:58,0,0,0,429
2026-03-07,12:26:05,0,0,0,428
2026-03-07,12:26:12,0,0,0,428
2026-03-07,12:26:19,0,0,0,428
2026-03-07,12:26:26,0,0,0,428
2026-03-07,12:26:33,0,0,0,428
2026-03-07,12:26:40,0,0,0,427
2026-03-07,12:26:47,0,0,0,427
2026-03-07,12:26:54,0,0,0,427
2026-03-07,12:27:01,0,0,0,427
2026-03-07,12:27:08,0,0,0,427
2026-03-07,12:27:15,0,0,0,427
2026-03-07,13:45:14,0,0,0,551
2026-03-07,13:45:21,0,0,0,553
2026-03-07,13:45:28,0,0,0,565
2026-03-07,13:45:35,0,0,0,565
2026-03-07,13:45:42,0,0,0,564
2026-03-07,13:45:49,0,0,0,566
2026-03-07,13:45:56,0,0,0,567
2026-03-07,13:46:03,0,0,0,566
2026-03-07,13:46:10,0,0,0,567
2026-03-07,13:46:17,0,0,0,567
2026-03-07,13:46:24,0,0,0,568
2026-03-07,13:46:31,0,0,0,567
2026-03-07,13:46:38,0,0,0,568
2026-03-07,13:46:45,0,0,0,570
2026-03-07,13:46:52,0,0,0,569
2026-03-07,13:46:59,0,0,0,570
2026-03-07,13:47:06,0,0,0,570
2026-03-07,13:47:13,0,0,0,571
2026-03-07,13:47:20,0,0,0,571
2026-03-07,13:47:27,0,0,0,572
2026-03-07,13:47:34,0,0,0,576
2026-03-07,13:47:41,0,0,0,578
2026-03-07,13:47:48,0,0,0,575
2026-03-07,13:47:54,28,39,79,559
2026-03-07,13:47:59,32,45,90,561
2026-03-07,13:48:04,34,48,96,561
2026-03-07,13:48:09,34,48,96,562
2026-03-07,13:48:14,34,48,96,562
2026-03-07,13:48:19,34,48,96,556
2026-03-07,13:48:24,34,48,96,568
2026-03-07,13:48:29,34,48,96,563
2026-03-07,13:48:34,34,48,96,563
2026-03-07,13:48:39,34,48,96,557
2026-03-07,13:48:44,34,48,96,567
2026-03-07,13:48:49,34,48,96,568
2026-03-07,13:48:54,34,48,96,564
2026-03-07,13:48:59,34,48,96,563
2026-03-07,13:49:04,34,48,96,566
2026-03-07,13:49:09,34,48,96,565
2026-03-07,13:49:14,34,48,96,565
2026-03-07,13:49:19,34,48,96,563
2026-03-07,13:49:24,34,48,96,569
2026-03-07,13:49:29,34,48,96,565
2026-03-07,13:49:35,34,48,96,573
2026-03-07,13:49:39,34,48,96,559
2026-03-07,13:49:45,34,48,96,568
2026-03-07,13:49:50,34,48,96,566
2026-03-07,13:49:55,34,48,96,567
2026-03-07,13:50:00,34,48,96,560
2026-03-07,13:50:05,34,48,96,565
2026-03-07,13:50:12,0,0,0,573
2026-03-07,13:50:19,0,0,0,571
2026-03-07,13:50:26,0,0,0,569
2026-03-07,13:50:33,0,0,0,569
2026-03-07,13:50:40,0,0,0,569
2026-03-07,13:50:47,0,0,0,569
2026-03-07,13:50:54,0,0,0,568
2026-03-07,13:51:01,0,0,0,569
2026-03-07,13:51:08,0,0,0,570
2026-03-07,13:51:15,0,0,0,569
2026-03-07,13:51:22,0,0,0,570
2026-03-07,13:51:29,0,0,0,570
2026-03-07,13:51:36,0,0,0,571
2026-03-07,13:51:43,0,0,0,570
2026-03-07,13:51:50,0,0,0,571
2026-03-07,13:51:57,0,0,0,572
2026-03-07,13:52:04,0,0,0,571
2026-03-07,13:52:11,0,0,0,572
2026-03-07,13:52:18,0,0,0,571
2026-03-07,13:52:25,0,0,0,571
2026-03-07,13:52:32,0,0,0,570
2026-03-07,13:52:39,0,0,0,571
2026-03-07,13:52:47,0,0,0,574
2026-03-07,13:52:54,0,0,0,576
2026-03-07,13:53:01,0,0,0,577
2026-03-07,13:53:08,0,0,0,578
2026-03-07,13:53:15,0,0,0,578
2026-03-07,13:53:22,0,0,0,576
2026-03-07,13:53:29,0,0,0,577
2026-03-07,13:53:36,0,0,0,579
2026-03-07,13:53:43,0,0,0,579
2026-03-07,13:53:50,0,0,0,578
2026-03-07,13:53:57,0,0,0,574
2026-03-07,13:54:04,0,0,0,573
2026-03-07,13:54:11,0,0,0,575
2026-03-07,13:54:18,0,0,0,575
2026-03-07,13:54:25,0,0,0,574
2026-03-07,13:54:32,0,0,0,573
2026-03-07,13:54:39,0,0,0,573
2026-03-07,13:54:46,0,0,0,574
2026-03-07,13:54:53,0,0,0,573
2026-03-07,13:55:00,0,0,0,574
2026-03-07,13:55:07,0,0,0,574
2026-03-07,13:55:14,0,0,0,580
2026-03-07,13:55:21,0,0,0,574
2026-03-07,13:55:28,0,0,0,574
2026-03-07,13:55:35,0,0,0,574
2026-03-07,13:55:42,0,0,0,573
2026-03-07,13:55:49,0,0,0,573
2026-03-07,13:55:56,0,0,0,573
2026-03-07,13:56:03,0,0,0,573
2026-03-07,13:56:10,0,0,0,573
2026-03-07,13:56:17,0,0,0,572
2026-03-07,13:56:24,0,0,0,573
2026-03-07,13:56:32,0,0,0,576
2026-03-07,13:56:38,0,0,0,577
2026-03-07,13:56:46,0,0,0,578
2026-03-07,13:56:53,0,0,0,574
2026-03-07,13:57:00,0,0,0,576
2026-03-07,13:57:07,0,0,0,576
2026-03-07,13:57:14,0,0,0,574
2026-03-07,13:57:21,0,0,0,575
2026-03-07,13:57:28,0,0,0,575
2026-03-07,13:57:35,0,0,0,573
2026-03-07,13:57:42,0,0,0,569
2026-03-07,13:57:49,0,0,0,571
2026-03-07,13:57:56,0,0,0,567
2026-03-07,13:58:03,0,0,0,567
2026-03-07,13:58:10,0,0,0,567
2026-03-07,13:58:17,0,0,0,566
2026-03-07,13:58:24,0,0,0,565
2026-03-07,13:58:31,0,0,0,564
2026-03-07,13:58:38,0,0,0,564
2026-03-07,13:58:45,0,0,0,564
2026-03-07,13:58:52,0,0,0,564
2026-03-07,13:58:59,0,0,0,563
2026-03-07,13:59:06,0,0,0,563
2026-03-07,13:59:13,0,0,0,565
2026-03-07,13:59:20,0,0,0,567
2026-03-07,13:59:27,0,0,0,568
2026-03-07,13:59:34,0,0,0,601
2026-03-07,13:59:41,0,0,0,573
2026-03-07,13:59:48,0,0,0,549
2026-03-07,13:59:55,0,0,0,551
2026-03-07,14:00:02,0,0,0,589
2026-03-07,14:00:09,0,0,0,570
2026-03-07,14:00:16,0,0,0,580
2026-03-07,14:00:23,0,0,0,574
2026-03-07,14:00:31,0,0,0,578
2026-03-07,14:00:38,0,0,0,582
2026-03-07,14:00:45,0,0,0,585
2026-03-07,14:00:52,0,0,0,589
2026-03-07,14:00:59,0,0,0,565
2026-03-07,14:01:06,0,0,0,557
2026-03-07,14:01:13,0,0,0,559
2026-03-07,14:01:20,0,0,0,553
2026-03-07,14:01:27,0,0,0,553
2026-03-07,14:01:34,0,0,0,549
2026-03-07,14:01:41,0,0,0,550
2026-03-07,14:01:48,0,0,0,555
2026-03-07,14:01:55,0,0,0,551
2026-03-07,14:02:02,0,0,0,550
2026-03-07,14:02:09,0,0,0,551
2026-03-07,14:02:16,0,0,0,551
2026-03-07,14:02:23,0,0,0,554
2026-03-07,14:02:30,0,0,0,560
2026-03-07,14:02:37,0,0,0,560
2026-03-07,14:02:44,0,0,0,558
2026-03-07,14:02:51,0,0,0,555
2026-03-07,14:02:58,0,0,0,561
2026-03-07,14:03:05,0,0,0,555
2026-03-07,14:03:12,0,0,0,557
2026-03-07,14:03:19,0,0,0,555
2026-03-07,14:03:26,0,0,0,554
2026-03-07,14:03:33,0,0,0,555
2026-03-07,14:03:40,0,0,0,556
2026-03-07,14:03:47,0,0,0,553
2026-03-07,14:03:54,0,0,0,555
2026-03-07,14:04:01,0,0,0,556
2026-03-07,14:04:09,0,0,0,555
2026-03-07,14:04:15,0,0,0,553
2026-03-07,14:04:23,0,0,0,553
2026-03-07,14:04:30,0,0,0,555
2026-03-07,14:04:37,0,0,0,553
2026-03-07,14:04:44,0,0,0,554
2026-03-07,14:04:51,0,0,0,552
2026-03-07,14:04:58,0,0,0,552
2026-03-07,14:05:05,0,0,0,553
2026-03-07,14:05:12,0,0,0,553
2026-03-07,14:05:19,0,0,0,557
2026-03-07,14:05:26,0,0,0,559
2026-03-07,14:05:33,0,0,0,561
2026-03-07,14:05:40,0,0,0,561
2026-03-07,14:05:47,0,0,0,560
2026-03-07,14:05:54,0,0,0,557
2026-03-07,14:06:01,0,0,0,553
2026-03-07,14:06:08,0,0,0,557
2026-03-07,14:06:15,0,0,0,554
2026-03-07,14:06:22,0,0,0,555
2026-03-07,14:06:29,0,0,0,555
2026-03-07,14:06:36,0,0,0,557
2026-03-07,14:06:43,0,0,0,555
2026-03-07,14:06:50,0,0,0,562
2026-03-07,14:06:57,0,0,0,554
2026-03-07,14:07:04,0,0,0,554
2026-03-07,14:07:11,0,0,0,555
2026-03-07,14:07:18,0,0,0,556
2026-03-07,14:07:25,0,0,0,553
2026-03-07,14:07:32,0,0,0,561
2026-03-07,14:07:39,0,0,0,558
2026-03-07,14:07:46,0,0,0,555
2026-03-07,14:07:53,0,0,0,555
2026-03-07,14:08:00,0,0,0,554
2026-03-07,14:08:08,0,0,0,554
2026-03-07,14:08:14,0,0,0,553
2026-03-07,14:08:22,0,0,0,556
2026-03-07,14:08:29,0,0,0,560
2026-03-07,14:08:36,0,0,0,553
2026-03-07,14:08:43,0,0,0,553
2026-03-07,14:08:50,0,0,0,553
2026-03-07,14:08:57,0,0,0,559
2026-03-07,14:09:04,0,0,0,560
2026-03-07,14:09:11,0,0,0,563
2026-03-07,14:09:18,0,0,0,564
2026-03-07,14:09:25,0,0,0,565
2026-03-07,14:09:32,0,0,0,561
2026-03-07,14:09:39,0,0,0,557
2026-03-07,14:09:46,0,0,0,563
2026-03-07,14:09:53,0,0,0,558
2026-03-07,14:10:00,0,0,0,558
2026-03-07,14:10:07,0,0,0,556
2026-03-07,14:10:14,0,0,0,555
2026-03-07,14:10:21,0,0,0,555
2026-03-07,14:10:28,0,0,0,555
2026-03-07,14:10:35,0,0,0,563
2026-03-07,14:10:42,0,0,0,557
2026-03-07,14:10:49,0,0,0,557
2026-03-07,14:10:56,0,0,0,556
2026-03-07,14:11:03,0,0,0,555
2026-03-07,14:11:10,0,0,0,555
2026-03-07,14:11:17,0,0,0,555
2026-03-10,11:54:31,0,0,0,662
2026-03-10,11:54:38,0,0,0,661
2026-03-10,11:54:45,0,0,0,661
2026-03-10,11:54:52,0,0,0,661
2026-03-10,11:54:59,0,0,0,663
2026-03-10,11:55:04,0,0,1,664
2026-03-10,11:55:09,0,0,1,656
2026-03-10,11:55:14,0,0,1,660
2026-03-10,11:55:19,0,0,1,661
2026-03-10,11:55:26,0,0,0,665
2026-03-10,11:55:33,0,0,0,663
2026-03-10,11:55:40,0,0,0,663
2026-03-10,11:55:47,0,0,0,662
2026-03-10,11:55:54,0,0,0,664
2026-03-10,11:56:01,0,0,0,668
2026-03-10,11:56:09,0,0,0,664
2026-03-10,11:56:15,0,0,0,667
2026-03-10,11:56:23,0,0,0,664
2026-03-10,11:56:30,0,0,0,664
2026-03-10,11:56:37,0,0,0,665
2026-03-10,11:56:44,0,0,0,664
2026-03-10,11:56:51,0,0,0,666
2026-03-10,11:56:58,0,0,0,665
2026-03-10,11:57:05,0,0,0,665
2026-03-10,11:57:12,0,0,0,666
2026-03-10,11:57:19,0,0,0,665
2026-03-10,11:57:26,0,0,0,667
2026-03-10,11:57:33,0,0,0,668
2026-03-10,11:57:40,0,0,0,670
2026-03-10,11:57:47,0,0,0,669
2026-03-10,11:57:54,0,0,0,672
2026-03-10,11:58:01,0,0,0,670
2026-03-10,11:58:08,0,0,0,668
2026-03-10,11:58:15,0,0,0,667
2026-03-10,11:58:22,0,0,0,669
2026-03-10,11:58:29,0,0,0,668
2026-03-10,11:58:36,0,0,0,667
2026-03-10,11:58:43,0,0,0,666
2026-03-10,11:58:50,0,0,0,667
2026-03-10,11:58:57,0,0,0,669
2026-03-10,11:59:04,0,0,0,669
2026-03-10,11:59:11,0,0,0,668
2026-03-10,11:59:18,0,0,0,668
2026-03-10,11:59:25,0,0,0,668
2026-03-10,11:59:32,0,0,0,668
2026-03-10,11:59:39,0,0,0,669
2026-03-10,11:59:46,0,0,0,668
2026-03-10,11:59:53,0,0,0,669
2026-03-10,12:00:00,0,0,0,669
2026-03-10,12:00:08,0,0,0,669
2026-03-10,12:00:15,0,0,0,669
2026-03-10,12:00:22,0,0,0,670
2026-03-10,12:00:29,0,0,0,670
2026-03-10,12:00:36,0,0,0,671
2026-03-10,12:00:43,0,0,0,671
2026-03-10,12:00:50,0,0,0,670
2026-03-10,12:00:57,0,0,0,670
2026-03-10,12:01:04,0,0,0,670
2026-03-10,12:01:11,0,0,0,672
2026-03-10,15:05:35,0,0,0,385
2026-03-10,15:05:42,0,0,0,385
2026-03-10,15:05:49,0,0,0,385
2026-03-10,15:05:56,0,0,0,385
2026-03-10,15:06:01,22,30,61,385
2026-03-10,15:06:06,27,38,76,384
2026-03-10,15:06:11,33,47,94,379
2026-03-10,15:06:16,35,50,100,383
2026-03-10,15:06:21,35,50,100,384
2026-03-10,15:06:26,35,50,100,386
2026-03-10,15:06:31,36,50,100,385
2026-03-10,15:06:36,35,50,100,383
2026-03-10,15:06:42,35,50,100,385
2026-03-10,15:06:47,35,50,100,385
2026-03-10,15:06:54,0,0,0,390
2026-03-10,15:07:01,0,0,0,386
2026-03-10,15:07:08,0,0,0,386
2026-03-10,15:30:06,0,0,0,380
2026-03-10,15:30:13,0,0,0,383
2026-03-10,15:30:20,0,0,0,383
2026-03-10,15:30:27,0,0,0,381
2026-03-10,15:30:34,0,0,0,380
2026-03-10,15:30:41,0,0,0,380
2026-03-10,15:30:48,0,0,0,381
2026-03-10,15:30:55,0,0,0,384
2026-03-11,12:44:19,0,0,0,1021
2026-03-11,12:44:26,0,0,0,1019
2026-03-11,12:44:33,0,0,0,1019
2026-03-11,12:44:40,0,0,0,1019
2026-03-11,12:44:47,0,0,0,1017
2026-03-11,12:44:52,0,0,0,1018
2026-03-11,12:44:57,0,0,0,1018
2026-03-11,12:45:02,0,0,0,1018
2026-03-11,12:45:09,0,0,0,997
2026-03-11,12:45:14,9,13,26,507
2026-03-11,12:45:19,9,12,25,503
2026-03-11,12:45:24,9,12,25,501
2026-03-11,12:45:29,9,12,25,584
2026-03-11,12:45:34,9,12,25,465
2026-03-11,12:45:39,8,12,25,469
2026-03-11,12:45:44,8,12,25,470
2026-03-11,12:45:49,8,12,25,469
2026-03-11,12:45:54,8,12,24,465
2026-03-11,12:45:59,8,12,24,469
2026-03-11,12:46:04,8,12,24,469
2026-03-11,12:46:09,8,12,24,472
2026-03-11,12:46:14,8,12,24,464
2026-03-11,12:46:19,8,12,24,470
2026-03-11,12:46:25,8,12,24,471
2026-03-11,12:46:30,8,12,24,472
2026-03-11,12:46:35,8,12,24,487
2026-03-11,12:49:14,8,12,24,515
2026-03-11,12:49:19,8,12,24,489
2026-03-11,12:49:24,8,12,24,484
2026-03-11,12:49:29,8,12,24,492
2026-03-11,12:49:34,8,12,24,492
2026-03-11,12:49:39,8,12,24,490
2026-03-11,12:49:44,8,12,24,534
2026-03-11,12:49:49,8,12,24,504
2026-03-11,12:49:54,8,12,24,491
2026-03-11,12:49:59,8,12,24,493
2026-03-11,12:50:04,8,12,24,511
2026-03-11,12:50:09,8,12,24,491
2026-03-11,12:50:14,8,12,24,493
2026-03-11,12:50:19,8,12,24,492
2026-03-11,12:50:24,8,12,24,494
2026-03-11,12:50:29,8,12,24,490
2026-03-11,12:50:34,8,12,24,493
2026-03-11,12:50:40,8,12,24,494
2026-03-11,12:50:44,8,12,24,495
2026-03-11,12:50:49,8,12,24,490
2026-03-11,12:50:54,8,12,24,496
2026-03-11,12:50:59,8,12,24,497
2026-03-11,12:51:05,8,12,24,499
2026-03-11,12:51:10,8,12,24,500
2026-03-11,12:51:15,8,12,24,497
2026-03-11,12:51:20,8,12,24,498
2026-03-11,12:51:25,8,12,24,499
2026-03-11,12:51:30,8,12,24,501
2026-03-11,12:51:35,8,12,24,498
2026-03-11,12:51:40,8,12,24,502
2026-03-11,12:51:45,8,12,24,503
2026-03-11,12:51:50,8,12,24,506
2026-03-11,12:51:55,8,12,24,504
2026-03-11,12:52:00,8,12,24,522
2026-03-11,12:52:05,8,12,24,504
2026-03-11,12:52:12,0,0,0,502
2026-03-11,12:52:19,0,0,0,496
2026-03-11,12:52:26,0,0,0,501
2026-03-11,12:52:33,0,0,0,503
2026-03-11,12:52:40,0,0,0,505
2026-03-11,12:52:47,0,0,0,505
2026-03-11,12:52:54,0,0,0,507
2026-03-11,12:53:01,0,0,0,506
2026-03-11,12:53:08,0,0,0,505
2026-03-11,12:53:15,0,0,0,508
2026-03-11,12:53:22,0,0,0,509
2026-03-11,12:53:29,0,0,0,504
2026-03-11,12:53:36,0,0,0,508
2026-03-11,12:53:43,0,0,0,509
2026-03-11,12:53:50,0,0,0,508
2026-03-11,12:53:57,0,0,0,509
2026-03-11,12:54:05,0,0,0,511
2026-03-11,12:54:12,0,0,0,511
2026-03-11,12:54:19,0,0,0,509
2026-03-11,12:54:26,0,0,0,511
2026-03-11,12:54:33,0,0,0,512
2026-03-11,12:54:40,0,0,0,514
2026-03-11,12:54:47,0,0,0,514
2026-03-11,12:54:54,0,0,0,514
2026-03-11,12:55:01,0,0,0,515
2026-03-11,12:55:08,0,0,0,515
2026-03-11,12:55:15,0,0,0,517
2026-03-11,12:55:22,0,0,0,517
2026-03-11,12:55:29,0,0,0,518
2026-03-11,12:55:36,0,0,0,517
2026-03-11,12:55:43,0,0,0,518
2026-03-11,12:55:50,0,0,0,519
2026-03-11,12:55:57,0,0,0,519
2026-03-11,12:56:04,0,0,0,520
2026-03-11,12:56:11,0,0,0,519
2026-03-11,12:56:18,0,0,0,522
2026-03-11,12:56:25,0,0,0,512
2026-03-11,12:56:32,0,0,0,521
2026-03-11,12:56:39,0,0,0,516
2026-03-11,12:56:46,0,0,0,521
2026-03-11,12:56:53,0,0,0,517
2026-03-11,12:57:00,0,0,0,521
2026-03-11,12:57:07,0,0,0,522
2026-03-11,12:57:14,0,0,0,523
2026-03-11,12:57:21,0,0,0,523
2026-03-11,12:57:28,0,0,0,523
2026-03-11,12:57:35,0,0,0,522
2026-03-11,12:57:42,0,0,0,523
2026-03-11,12:57:49,0,0,0,524
2026-03-11,12:57:56,0,0,0,524
2026-03-11,12:58:03,0,0,0,524
2026-03-11,12:58:11,0,0,0,524
2026-03-11,12:58:18,0,0,0,526
2026-03-11,13:02:07,8,11,23,525
2026-03-11,13:02:12,8,11,23,526
2026-03-11,13:02:17,8,11,23,527
2026-03-11,13:02:22,8,11,23,528
2026-03-11,13:02:27,8,11,23,526
2026-03-11,13:02:32,8,11,23,527
2026-03-11,13:02:37,8,11,23,528
2026-03-11,13:02:42,8,11,23,534
2026-03-11,13:02:47,8,11,23,527
2026-03-11,13:02:52,8,11,23,529
2026-03-11,13:02:57,5,7,15,527
2026-03-11,13:03:02,7,10,20,528
2026-03-11,13:03:07,8,11,23,529
2026-03-11,13:03:12,8,11,23,528
2026-03-11,13:03:17,8,11,23,526
2026-03-11,13:03:22,6,9,18,529
2026-03-11,13:03:28,7,10,21,526
2026-03-11,13:03:33,8,11,23,528
2026-03-11,13:03:38,8,11,23,528
2026-03-11,13:03:45,0,0,0,532
2026-03-11,13:03:52,0,0,0,530
2026-03-11,13:03:59,0,0,0,530
2026-03-11,13:04:06,0,0,0,529
2026-03-11,13:04:13,0,0,0,529
2026-03-11,13:04:20,0,0,0,529
2026-03-11,13:04:27,0,0,0,529
2026-03-11,13:04:34,0,0,0,529
2026-03-11,13:04:41,0,0,0,529
2026-03-11,13:04:48,0,0,0,526
2026-03-11,13:04:55,0,0,0,528
2026-03-11,13:05:02,0,0,0,528
2026-03-11,13:05:09,0,0,0,528
2026-03-11,13:05:16,0,0,0,528
2026-03-11,13:05:23,0,0,0,528
2026-03-11,13:05:30,0,0,0,528
2026-03-11,13:05:37,0,0,0,528
2026-03-11,15:51:20,0,0,0,1023
2026-03-11,15:51:27,0,0,0,1023
2026-03-11,15:51:34,0,0,0,1023
2026-03-11,15:51:41,0,0,0,1023
2026-03-11,15:51:48,0,0,0,1023
2026-03-11,15:51:55,0,0,0,1023
2026-03-11,15:52:02,0,0,0,1023
2026-03-11,15:52:09,0,0,0,1023
2026-03-11,15:52:16,0,0,0,1023
2026-03-11,15:52:23,0,0,0,1023
2026-03-11,15:52:30,0,0,0,1023
2026-03-11,15:52:37,0,0,0,1023
2026-03-11,15:52:44,0,0,0,1023
2026-03-11,15:52:51,0,0,0,1023
2026-03-11,15:52:58,0,0,0,1023
2026-03-11,15:53:05,0,0,0,1023
2026-03-11,15:53:12,0,0,0,1023
2026-03-11,15:53:19,0,0,0,1023
2026-03-11,15:53:26,0,0,0,1023
2026-03-11,15:53:33,0,0,0,1023
2026-03-11,15:53:40,0,0,0,1023
2026-03-11,15:53:47,0,0,0,1023
2026-03-11,15:53:54,0,0,0,1023
2026-03-11,15:54:02,0,0,0,1023
2026-03-11,15:54:09,0,0,0,1023
2026-03-11,15:54:16,0,0,0,1023
2026-03-11,15:54:23,0,0,0,1023
2026-03-11,15:54:30,0,0,0,1023
2026-03-11,15:54:37,0,0,0,1023
2026-03-11,15:54:44,0,0,0,1023
2026-03-11,15:54:51,0,0,0,867
2026-03-11,15:54:56,3,5,11,846
2026-03-11,15:55:01,2,3,7,850
2026-03-11,15:55:06,5,7,15,847
2026-03-11,15:55:11,6,8,17,843
2026-03-11,15:55:16,6,8,17,842
2026-03-11,15:55:21,6,8,17,840
2026-03-11,15:55:26,6,8,17,836
2026-03-11,15:55:31,6,8,17,828
2026-03-11,15:55:36,6,8,17,829
2026-03-11,15:55:41,6,8,17,827
2026-03-11,15:55:46,6,8,17,827
2026-03-11,15:56:05,6,8,17,823
2026-03-11,15:56:10,6,8,17,817
2026-03-11,15:56:15,6,8,17,817
2026-03-11,15:56:20,6,8,17,819
2026-03-11,15:56:25,6,8,17,808
2026-03-11,15:56:30,6,8,16,816
2026-03-11,15:56:35,6,8,16,813
2026-03-11,15:56:40,6,8,16,813
2026-03-11,15:56:45,6,8,16,912
2026-03-11,15:56:50,6,8,16,807
2026-03-11,15:56:55,5,8,16,810
2026-03-11,15:57:00,5,8,16,811
2026-03-11,15:57:05,5,8,16,811
2026-03-11,15:57:10,5,8,16,804
2026-03-11,15:57:15,5,8,16,807
2026-03-11,15:57:20,5,8,16,812
2026-03-11,15:57:25,5,8,16,818
2026-03-11,15:57:30,5,8,16,803
2026-03-11,15:57:35,5,8,16,807
2026-03-11,15:57:40,5,8,16,809
2026-03-11,15:57:45,5,8,16,808
2026-03-11,15:57:50,5,8,16,801
2026-03-11,15:57:55,5,8,16,806
2026-03-11,15:58:00,5,8,16,808
2026-03-11,15:58:06,5,8,16,809
2026-03-11,15:58:11,5,8,16,886
2026-03-11,15:58:16,5,8,16,807
2026-03-11,15:58:21,5,8,16,810
2026-03-11,15:58:26,5,8,16,812
2026-03-11,15:58:31,5,8,16,814
2026-03-11,15:58:36,5,8,16,804
2026-03-11,15:58:41,5,8,16,809
2026-03-11,15:58:46,5,8,16,822
2026-03-11,15:58:51,5,8,16,813
2026-03-11,15:58:56,5,8,16,807
2026-03-11,15:59:01,5,8,16,811
2026-03-11,15:59:06,5,8,16,813
2026-03-11,15:59:11,5,8,16,813
2026-03-11,15:59:16,5,8,16,806
2026-03-11,15:59:21,5,8,16,811
2026-03-11,15:59:26,5,8,16,814
2026-03-11,15:59:31,5,8,16,814
2026-03-11,15:59:36,5,8,16,898
2026-03-11,15:59:41,5,8,16,811
2026-03-11,15:59:46,5,8,16,814
2026-03-11,15:59:51,5,8,16,815
2026-03-11,15:59:56,5,8,16,816
2026-03-11,16:00:01,5,8,16,812
2026-03-11,16:00:07,5,8,16,815
2026-03-11,16:00:12,5,8,16,817
2026-03-11,16:00:17,5,8,16,818
2026-03-11,16:00:22,5,8,16,811
2026-03-11,16:00:27,5,8,16,815
2026-03-11,16:00:32,5,8,16,819
2026-03-11,16:00:37,5,8,16,828
2026-03-11,16:00:42,5,8,16,821
2026-03-11,16:00:47,5,8,16,813
2026-03-11,16:00:52,5,8,16,816
2026-03-11,16:00:57,5,8,16,817
2026-03-11,16:01:04,0,0,0,826
2026-03-11,16:01:11,0,0,0,819
2026-03-11,16:01:18,0,0,0,819
2026-03-11,16:01:25,0,0,0,819
2026-03-11,16:01:32,0,0,0,820
2026-03-11,16:01:39,0,0,0,820
2026-03-11,16:01:46,0,0,0,820
2026-03-11,16:01:53,0,0,0,821
2026-03-11,16:02:39,0,0,0,829
2026-03-11,16:02:46,0,0,0,823
2026-03-11,16:02:53,0,0,0,824
2026-03-11,16:03:00,0,0,0,823
2026-03-11,16:03:05,4,6,12,821
2026-03-11,16:03:10,5,7,14,822
2026-03-11,16:03:15,5,8,16,816
2026-03-11,16:03:20,5,7,15,819
2026-03-11,16:03:25,5,7,15,820
2026-03-11,16:03:30,5,7,15,821
2026-03-11,16:03:35,5,7,15,814
2026-03-11,16:03:41,5,7,15,818
2026-03-11,16:03:46,5,7,15,820
2026-03-11,16:03:51,5,7,15,820
2026-03-11,16:03:56,5,7,15,813
2026-03-11,16:04:01,5,7,15,818
2026-03-11,16:04:06,5,7,15,820
2026-03-11,16:04:11,5,7,15,821
2026-03-11,16:04:16,5,7,15,819
2026-03-11,16:04:21,5,7,15,818
2026-03-11,16:04:26,5,7,15,820
2026-03-11,16:04:31,5,7,15,821
2026-03-11,16:04:36,5,7,15,821
2026-03-11,16:05:23,5,7,15,830
2026-03-11,16:05:28,5,7,15,814
2026-03-11,16:05:33,5,7,15,818
2026-03-11,16:05:38,5,7,15,820
2026-03-11,16:05:43,5,7,15,821
2026-03-11,16:05:48,5,7,15,816
2026-03-11,16:05:53,5,7,15,817
2026-03-11,16:05:58,5,7,15,820
2026-03-11,16:06:03,5,7,15,821
2026-03-11,16:06:08,5,7,15,831
2026-03-11,16:06:13,5,7,15,817
2026-03-11,16:06:18,5,7,15,820
2026-03-11,16:06:23,5,7,15,821
2026-03-11,16:06:28,5,7,15,822
2026-03-11,16:06:33,5,7,15,817
2026-03-11,16:06:38,5,7,15,820
2026-03-11,16:06:45,0,0,0,822
2026-03-11,16:06:52,0,0,0,822
2026-03-11,16:06:59,0,0,0,825
2026-03-11,16:07:06,0,0,0,825
2026-03-11,16:07:14,0,0,0,826
2026-03-11,16:07:21,0,0,0,828
2026-03-11,16:07:28,0,0,0,828
2026-03-11,16:07:35,0,0,0,827
2026-03-11,16:07:42,0,0,0,829
2026-03-11,16:07:49,0,0,0,829
2026-03-11,16:07:56,0,0,0,829
2026-03-11,16:08:03,0,0,0,829
2026-03-11,16:08:10,0,0,0,830
2026-03-11,16:08:17,0,0,0,829
2026-03-11,16:08:24,0,0,0,830
2026-03-11,16:08:31,0,0,0,830
2026-03-11,16:08:38,0,0,0,830
2026-03-11,16:08:45,0,0,0,831
2026-03-11,16:09:27,0,0,0,840
2026-03-11,16:09:34,0,0,0,833
2026-03-11,16:09:41,0,0,0,834
2026-03-11,16:09:48,0,0,0,832
2026-03-11,16:09:53,4,6,12,829
2026-03-11,16:09:58,5,7,14,830
2026-03-11,16:10:03,5,7,15,831
2026-03-11,16:10:08,5,7,15,825
2026-03-11,16:10:13,5,7,15,829
2026-03-11,16:10:18,5,7,15,831
2026-03-11,16:10:23,5,7,15,831
2026-03-11,16:10:28,5,7,15,825
2026-03-11,16:10:35,0,0,0,834
2026-03-11,16:10:42,0,0,0,832
2026-03-11,16:10:49,0,0,0,832
2026-03-11,16:10:56,0,0,0,831
2026-03-11,16:11:03,0,0,0,831
2026-03-11,16:11:10,0,0,0,831
2026-03-11,16:11:17,0,0,0,832
2026-03-11,16:11:24,0,0,0,831
2026-03-11,16:11:31,0,0,0,831
2026-03-11,16:11:38,0,0,0,832
2026-03-11,16:11:45,0,0,0,832
2026-03-11,16:11:52,0,0,0,832
2026-03-11,16:11:59,0,0,0,831
2026-03-11,16:12:06,0,0,0,832
2026-03-11,16:12:13,0,0,0,833
2026-03-11,16:12:20,0,0,0,833
2026-03-11,16:12:27,0,0,0,832
2026-03-11,16:12:35,0,0,0,832
2026-03-11,16:12:42,0,0,0,833
2026-03-11,16:12:49,0,0,0,833
2026-03-11,16:12:56,0,0,0,833
2026-03-11,16:13:03,0,0,0,833
2026-03-11,16:13:44,0,0,0,840,Waiting...
2026-03-11,16:13:51,0,0,0,834,Millet
2026-03-11,16:13:58,0,0,0,834,Millet
2026-03-11,16:14:03,4,6,12,832,Millet
2026-03-11,16:14:08,5,7,14,833,Millet
2026-03-11,16:14:13,5,7,15,826,Millet
2026-03-11,16:14:18,5,7,14,830,Millet
2026-03-11,16:14:23,5,7,14,832,Millet
2026-03-11,16:14:28,5,7,14,833,Millet
2026-03-11,16:14:33,5,7,14,826,Millet
2026-03-11,16:14:38,5,7,14,829,Millet
2026-03-11,16:14:43,5,7,14,832,Millet
2026-03-11,16:14:48,5,7,14,832,Millet
2026-03-11,16:14:53,5,7,14,938,Millet
2026-03-11,16:14:58,5,7,14,828,Millet
2026-03-11,16:15:03,5,7,14,831,Millet
2026-03-11,16:15:08,5,7,14,832,Millet
2026-03-11,16:15:13,5,7,14,833,Millet
2026-03-11,16:15:18,5,7,14,826,Millet
2026-03-11,16:15:23,5,7,14,830,Millet
2026-03-11,16:15:28,5,7,14,832,Millet
2026-03-11,16:15:33,5,7,14,832,Millet
2026-03-11,16:15:39,5,7,14,825,Millet
2026-03-11,16:15:46,0,0,0,838,Millet
2026-03-11,16:15:53,0,0,0,835,Millet
2026-03-11,16:16:00,0,0,0,834,Millet
2026-03-11,16:16:07,0,0,0,834,Millet
2026-03-11,16:16:14,0,0,0,834,Millet
2026-03-11,16:16:21,0,0,0,834,Millet
2026-03-11,16:16:28,0,0,0,834,Millet
2026-03-11,16:16:35,0,0,0,835,Millet
2026-03-11,16:16:42,0,0,0,834,Millet
2026-03-11,16:16:49,0,0,0,835,Millet
2026-03-11,16:16:56,0,0,0,836,Millet
2026-03-11,16:17:03,0,0,0,836,Millet
2026-03-11,16:17:10,0,0,0,836,Millet
2026-03-11,16:17:17,0,0,0,836,Millet
2026-03-11,16:17:24,0,0,0,836,Millet
2026-03-11,16:17:31,0,0,0,836,Millet
2026-03-11,16:17:38,0,0,0,836,Millet
2026-03-11,16:17:45,0,0,0,836,Millet
2026-03-11,16:17:52,0,0,0,835,Millet
2026-03-11,16:17:59,0,0,0,835,Millet
2026-03-11,16:18:06,0,0,0,835,Millet
2026-03-11,16:18:13,0,0,0,835,Millet
2026-03-11,16:18:20,0,0,0,835,Millet
2026-03-11,16:18:27,0,0,0,834,Millet
2026-03-11,16:18:34,0,0,0,834,Millet
2026-03-11,16:18:41,0,0,0,834,Millet
2026-03-11,16:18:48,0,0,0,834,Millet
2026-03-11,16:18:55,0,0,0,834,Millet
2026-03-11,16:19:02,0,0,0,834,Millet
2026-03-11,16:19:09,0,0,0,834,Millet
2026-03-11,16:19:16,0,0,0,835,Millet
2026-03-11,16:19:23,0,0,0,834,Millet
2026-03-11,16:19:30,0,0,0,835,Millet
2026-03-11,16:19:37,0,0,0,835,Millet
2026-03-11,16:19:44,0,0,0,835,Millet
2026-03-11,16:19:52,0,0,0,835,Millet
2026-03-11,16:19:59,0,0,0,834,Millet
2026-03-11,16:20:06,0,0,0,835,Millet
2026-03-11,16:20:13,0,0,0,835,Millet
2026-03-11,16:20:20,0,0,0,835,Millet
2026-03-11,16:20:27,0,0,0,836,Millet
2026-03-11,16:20:34,0,0,0,836,Millet
2026-03-11,16:20:41,0,0,0,836,Millet
2026-03-11,16:20:48,0,0,0,836,Millet
2026-03-11,16:20:55,0,0,0,837,Millet
2026-03-11,16:21:02,0,0,0,837,Millet
2026-03-11,16:21:09,0,0,0,838,Millet
2026-03-11,16:21:16,0,0,0,838,Millet
2026-03-11,16:21:23,0,0,0,837,Millet
2026-03-11,16:21:30,0,0,0,838,Millet
2026-03-11,16:21:37,0,0,0,838,Millet
2026-03-11,16:21:44,0,0,0,838,Millet
2026-03-11,16:21:51,0,0,0,838,Millet
2026-03-11,16:21:58,0,0,0,839,Millet
2026-03-11,16:22:05,0,0,0,838,Millet
2026-03-11,16:22:12,0,0,0,838,Millet
2026-03-11,16:22:19,0,0,0,839,Millet
2026-03-11,16:22:26,0,0,0,839,Millet
2026-03-11,16:22:33,0,0,0,838,Millet
2026-03-11,16:22:40,0,0,0,839,Millet
2026-03-11,16:22:47,0,0,0,840,Millet
2026-03-11,16:22:54,0,0,0,840,Millet
2026-03-11,16:23:01,0,0,0,839,Millet
2026-03-11,16:23:08,0,0,0,840,Millet
2026-03-11,16:23:15,0,0,0,839,Millet
2026-03-11,16:23:22,0,0,0,839,Millet
2026-03-11,16:23:29,0,0,0,838,Millet
2026-03-11,16:23:36,0,0,0,837,Millet
2026-03-11,16:23:43,0,0,0,838,Millet
2026-03-11,16:23:50,0,0,0,837,Millet
2026-03-11,16:23:57,0,0,0,837,Millet
2026-03-11,16:24:04,0,0,0,837,Millet
2026-03-11,16:24:12,0,0,0,837,Millet
2026-03-11,16:24:19,0,0,0,837,Millet
2026-03-11,16:24:26,0,0,0,837,Millet
2026-03-11,16:24:33,0,0,0,837,Millet
2026-03-11,16:24:40,0,0,0,836,Millet
2026-03-11,16:24:47,0,0,0,837,Millet
2026-03-11,16:24:54,0,0,0,837,Millet
2026-03-11,16:25:01,0,0,0,837,Millet
2026-03-11,16:25:08,0,0,0,837,Millet
2026-03-11,16:25:15,0,0,0,836,Millet
2026-03-11,16:27:35,0,0,0,843,Waiting...
2026-03-11,16:27:42,0,0,0,836,Millet
2026-03-11,16:27:49,0,0,0,835,Millet
2026-03-11,16:27:56,0,0,0,835,Millet
2026-03-11,16:28:03,0,0,0,835,Millet
2026-03-11,16:28:10,0,0,0,834,Millet
2026-03-11,16:28:17,0,0,0,834,Millet
2026-03-11,16:28:24,0,0,0,834,Millet
2026-03-11,16:28:31,0,0,0,834,Millet
2026-03-11,16:28:38,0,0,0,835,Millet
2026-03-11,16:28:45,0,0,0,835,Millet
2026-03-11,16:28:52,0,0,0,834,Millet
2026-03-11,16:28:59,0,0,0,834,Millet
2026-03-11,16:29:06,0,0,0,835,Millet
2026-03-11,16:29:13,0,0,0,834,Millet
2026-03-11,16:29:20,0,0,0,834,Millet
2026-03-11,16:29:27,0,0,0,835,Millet
2026-03-11,16:29:34,0,0,0,833,Millet
2026-03-11,16:29:41,0,0,0,834,Millet
2026-03-11,16:29:48,0,0,0,833,Millet
2026-03-11,16:29:55,0,0,0,833,Millet
2026-03-11,16:30:02,0,0,0,833,Millet
2026-03-11,16:30:09,0,0,0,834,Millet
2026-03-11,16:30:16,0,0,0,834,Millet
2026-03-11,16:30:23,0,0,0,834,Millet
2026-03-11,16:30:30,0,0,0,833,Millet
2026-03-11,16:30:37,0,0,0,833,Millet
2026-03-11,16:30:44,0,0,0,834,Millet
2026-03-11,16:30:51,0,0,0,833,Millet
2026-03-11,16:30:58,0,0,0,834,Millet
2026-03-11,16:31:05,0,0,0,834,Millet
2026-03-11,16:31:12,0,0,0,833,Millet
2026-03-11,16:31:19,0,0,0,834,Millet
2026-03-11,16:31:26,0,0,0,834,Millet
2026-03-11,16:31:33,0,0,0,834,Millet
2026-03-11,16:31:41,0,0,0,834,Millet
2026-03-11,16:31:48,0,0,0,835,Millet
2026-03-11,16:31:55,0,0,0,835,Millet
2026-03-11,16:32:02,0,0,0,836,Millet
2026-03-11,16:32:09,0,0,0,835,Millet
2026-03-11,16:32:16,0,0,0,835,Millet
2026-03-11,16:32:23,0,0,0,835,Millet
2026-03-11,16:32:30,0,0,0,834,Millet
2026-03-11,16:41:47,0,0,0,840,Waiting...
2026-03-11,16:41:54,0,0,0,833,Millet
2026-03-11,16:42:01,0,0,0,833,Millet
2026-03-11,16:42:08,0,0,0,834,Millet
2026-03-11,16:42:15,0,0,0,834,Millet
2026-03-11,16:42:22,0,0,0,833,Millet
2026-03-11,16:42:29,0,0,0,833,Millet
2026-03-11,16:42:36,0,0,0,833,Millet
2026-03-11,16:42:43,0,0,0,833,Millet
2026-03-11,16:42:50,0,0,0,833,Millet
2026-03-11,16:42:57,0,0,0,832,Millet
2026-03-11,16:43:04,0,0,0,832,Millet
2026-03-11,16:43:11,0,0,0,833,Millet
2026-03-11,16:43:18,0,0,0,833,Millet
2026-03-11,16:43:25,0,0,0,833,Millet
2026-03-11,16:43:32,0,0,0,835,Millet
2026-03-11,16:43:39,0,0,0,835,Millet
2026-03-11,16:43:46,0,0,0,835,Millet
2026-03-11,16:43:53,0,0,0,834,Millet
2026-03-11,16:44:00,0,0,0,834,Millet
2026-03-11,16:44:07,0,0,0,833,Millet
2026-03-11,16:44:14,0,0,0,834,Millet
2026-03-11,16:44:21,0,0,0,833,Millet
2026-03-11,16:44:29,0,0,0,832,Millet
2026-03-11,16:44:36,0,0,0,832,Millet
2026-03-11,16:44:43,0,0,0,833,Millet
2026-03-11,16:44:50,0,0,0,833,Millet
2026-03-11,16:44:57,0,0,0,832,Millet
2026-03-11,16:45:04,0,0,0,832,Millet
2026-03-11,16:45:11,0,0,0,832,Millet
2026-03-11,16:45:18,0,0,0,832,Millet
2026-03-11,16:45:25,0,0,0,832,Millet
2026-03-11,16:45:32,0,0,0,832,Millet
2026-03-11,16:45:39,0,0,0,832,Millet
2026-03-11,16:45:46,0,0,0,832,Millet
2026-03-11,16:45:53,0,0,0,831,Millet
2026-03-11,16:46:00,0,0,0,831,Millet
2026-03-11,16:46:07,0,0,0,830,Millet
2026-03-11,16:46:14,0,0,0,831,Millet
2026-03-11,16:46:21,0,0,0,830,Millet
2026-03-11,16:46:28,0,0,0,830,Millet
2026-03-11,16:46:35,0,0,0,830,Millet
2026-03-11,16:46:42,0,0,0,830,Millet
2026-03-11,16:46:49,0,0,0,830,Millet
2026-03-11,16:46:56,0,0,0,830,Millet
2026-03-11,16:47:03,0,0,0,830,Millet
2026-03-11,16:47:10,0,0,0,830,Millet
2026-03-11,16:47:17,0,0,0,830,Millet
2026-03-11,16:47:24,0,0,0,829,Millet
2026-03-11,16:47:31,0,0,0,829,Millet
2026-03-11,16:47:38,0,0,0,829,Millet
2026-03-11,16:47:45,0,0,0,829,Millet
2026-03-11,16:47:52,0,0,0,828,Millet
2026-03-11,16:47:59,0,0,0,828,Millet
2026-03-11,16:48:06,0,0,0,829,Millet
2026-03-11,16:48:13,0,0,0,829,Millet
2026-03-11,16:48:20,0,0,0,829,Millet
2026-03-11,16:48:25,1,2,4,823,Millet
2026-03-11,16:48:31,4,5,11,940,Millet
2026-03-11,16:48:36,4,6,13,823,Millet
2026-03-11,16:48:41,4,6,13,826,Millet
2026-03-11,16:49:20,4,6,13,838,Waiting...
2026-03-11,16:49:26,4,6,13,828,Waiting...
2026-03-11,16:49:31,4,6,13,852,Millet
2026-03-11,16:49:37,4,6,13,823,Millet
2026-03-11,16:49:41,4,6,13,826,Millet
2026-03-11,16:49:46,4,6,13,827,Millet
2026-03-11,16:49:50,4,6,13,827,Millet
2026-03-11,16:49:55,4,6,13,821,Millet
2026-03-11,16:50:00,4,6,13,824,Millet
2026-03-11,16:50:05,4,6,13,825,Millet
2026-03-11,16:50:10,4,6,13,826,Millet
2026-03-11,16:50:16,4,6,13,818,Millet
2026-03-11,16:50:21,4,6,13,823,Millet
2026-03-11,16:50:26,4,6,13,825,Millet
2026-03-11,16:50:31,4,6,13,827,Millet
2026-03-11,16:50:36,4,6,13,818,Millet
2026-03-11,16:50:41,4,6,13,823,Millet
2026-03-11,16:51:35,4,6,13,833,Waiting...
2026-03-11,16:51:40,4,6,13,825,Millet
2026-03-11,16:51:45,4,6,13,826,Millet
2026-03-11,16:51:50,4,6,13,858,Millet
2026-03-11,16:51:55,4,6,13,821,Millet
2026-03-11,16:52:00,4,6,13,824,Millet
2026-03-11,16:52:05,4,6,13,825,Millet
2026-03-11,16:52:10,4,6,13,826,Millet
2026-03-11,16:52:15,4,6,13,819,Millet
2026-03-11,16:52:20,4,6,13,824,Millet
2026-03-11,16:52:25,4,6,13,826,Millet
2026-03-11,16:52:30,4,6,13,827,Millet
2026-03-11,16:52:35,4,6,13,820,Millet
2026-03-11,16:52:40,4,6,13,824,Millet
2026-03-11,16:52:45,4,6,13,826,Millet
2026-03-11,16:52:51,4,6,13,827,Millet
2026-03-11,16:52:56,4,6,13,817,Millet
2026-03-11,16:53:01,4,6,13,823,Millet
2026-03-11,16:53:06,4,6,13,826,Millet
2026-03-11,16:53:11,4,6,13,827,Millet
2026-03-11,16:53:16,4,6,13,821,Millet
2026-03-11,16:53:21,4,6,13,822,Millet
2026-03-11,16:53:26,4,6,13,824,Millet
2026-03-11,16:53:31,4,6,13,826,Millet
2026-03-11,16:53:38,0,0,0,828,Millet
2026-03-11,16:53:45,0,0,0,826,Millet
2026-03-11,16:53:52,0,0,0,826,Millet
2026-03-11,16:53:57,0,1,2,810,Millet
2026-03-11,16:54:02,4,5,11,826,Millet
2026-03-11,16:54:07,4,6,13,817,Millet
2026-03-11,16:54:12,4,6,13,822,Millet
2026-03-11,16:54:17,4,6,13,824,Millet
2026-03-11,16:54:22,4,6,13,825,Millet
2026-03-11,16:54:27,4,6,13,862,Millet
2026-03-11,16:54:36,4,6,13,835,Waiting...
2026-03-11,16:54:41,4,6,13,825,Waiting...
2026-03-11,16:54:46,4,6,13,816,Millet
2026-03-11,16:54:51,4,6,13,821,Millet
2026-03-11,16:54:56,4,6,13,823,Millet
2026-03-11,16:55:01,4,6,13,824,Millet
2026-03-11,17:00:12,0,0,0,836,Waiting...
2026-03-11,17:00:19,0,0,0,827,Millet
2026-03-11,17:00:26,0,0,0,827,Millet
2026-03-11,17:00:34,0,0,0,827,Millet
2026-03-11,17:00:45,0,0,0,827,Millet
2026-03-11,17:00:48,0,0,0,826,Millet
2026-03-11,17:00:55,0,0,0,826,Millet
2026-03-11,17:01:02,0,0,0,826,Millet
2026-03-11,17:01:09,0,0,0,826,Millet
2026-03-11,17:01:16,0,0,0,826,Millet
2026-03-11,17:01:23,0,0,0,825,Millet
2026-03-11,17:01:30,0,0,0,833,Waiting...
2026-03-11,17:01:37,0,0,0,825,Millet
2026-03-11,17:01:44,0,0,0,825,Millet
2026-03-11,17:11:04,0,0,0,838,Waiting...
2026-03-11,17:11:11,0,0,0,825,Millet
2026-03-11,17:11:18,0,0,0,824,Millet
2026-03-11,17:11:25,0,0,0,823,Millet
2026-03-11,17:11:32,0,0,0,824,Millet
2026-03-12,09:32:32,0,0,0,1023,Waiting...
2026-03-12,09:32:41,0,0,0,1022,Millet
2026-03-12,09:32:47,0,0,0,1021,Millet
2026-03-12,09:32:53,0,0,0,1020,Millet
2026-03-12,09:32:58,0,0,0,1020,Millet
2026-03-12,09:33:03,0,0,0,1021,Millet
2026-03-12,09:33:08,0,0,0,1020,Millet
2026-03-12,09:33:13,0,0,0,1021,Millet
2026-03-12,09:33:18,0,0,0,915,Millet
2026-03-12,09:33:23,0,0,0,958,Millet
2026-03-12,09:33:28,1,1,3,914,Millet
2026-03-12,09:33:33,1,2,5,903,Millet
2026-03-12,09:33:38,1,2,5,907,Millet
2026-03-12,09:33:44,2,2,5,908,Millet
2026-03-12,09:33:48,2,3,6,907,Millet
2026-03-12,09:33:58,2,3,6,904,Millet
2026-03-12,09:33:59,2,3,6,904,Millet
2026-03-12,09:34:08,2,3,6,895,Millet
2026-03-12,09:34:08,2,3,6,897,Millet
2026-03-12,09:34:14,2,3,6,898,Millet
2026-03-12,09:34:19,2,3,6,896,Millet
2026-03-12,09:34:24,2,3,6,898,Millet
2026-03-12,09:34:29,2,3,6,894,Millet
2026-03-12,09:34:34,2,3,6,898,Millet
2026-03-12,09:34:39,2,3,6,892,Millet
2026-03-12,09:34:44,2,3,6,885,Millet
2026-03-12,09:34:49,2,3,6,888,Millet
2026-03-12,09:34:54,2,3,6,889,Millet
2026-03-12,09:34:59,2,3,6,884,Millet
2026-03-12,09:35:04,2,3,6,879,Millet
2026-03-12,09:35:09,2,3,6,882,Millet
2026-03-12,09:35:14,2,3,6,877,Millet
2026-03-12,09:35:19,2,3,6,864,Millet
2026-03-12,09:35:24,2,3,6,851,Millet
2026-03-12,09:35:29,2,3,6,865,Millet
2026-03-12,09:35:34,2,3,6,860,Millet
2026-03-12,09:35:39,2,3,6,868,Millet
2026-03-12,09:35:44,2,3,6,829,Millet
2026-03-12,09:35:49,2,3,6,869,Millet
2026-03-12,09:35:54,2,3,6,841,Millet
2026-03-12,09:35:59,2,3,6,843,Millet
2026-03-12,09:36:04,2,3,6,806,Millet
2026-03-12,09:36:09,2,3,6,860,Millet
2026-03-12,09:36:15,2,3,6,838,Millet
2026-03-12,09:36:20,2,3,6,837,Millet
2026-03-12,09:36:25,2,3,6,852,Millet
2026-03-12,09:36:30,2,3,6,831,Millet
2026-03-12,09:36:35,2,3,6,860,Millet
2026-03-12,09:36:40,2,3,6,856,Millet
2026-03-12,09:36:45,2,3,6,826,Millet
2026-03-12,09:36:50,2,3,6,827,Millet
2026-03-12,09:37:40,2,3,6,794,Waiting...
2026-03-12,09:37:47,2,3,6,800,Millet
2026-03-12,09:38:00,2,3,6,829,Millet
2026-03-12,09:38:00,2,3,6,844,Millet
2026-03-12,09:38:00,2,3,6,849,Millet
2026-03-12,09:38:07,2,3,6,848,Millet
2026-03-12,09:38:10,2,3,6,843,Millet
2026-03-12,09:38:15,2,3,6,842,Millet
2026-03-12,09:38:20,2,3,6,838,Millet
2026-03-12,09:38:25,2,3,6,837,Millet
2026-03-12,09:38:30,2,3,6,839,Millet
2026-03-12,09:38:35,2,3,6,832,Millet
2026-03-12,09:38:40,2,3,6,831,Millet
2026-03-12,09:38:45,2,3,6,834,Millet
2026-03-12,09:38:50,2,3,6,831,Millet
2026-03-12,09:38:55,2,3,6,830,Millet
2026-03-12,09:39:00,2,3,6,829,Millet
2026-03-12,09:39:07,0,0,0,819,Millet
2026-03-12,09:39:14,0,0,0,833,Millet
2026-03-12,09:39:22,0,0,0,827,Millet
2026-03-12,09:39:27,2,3,6,831,Millet
2026-03-12,09:39:32,2,3,6,828,Millet
2026-03-12,09:39:37,2,3,6,830,Millet
2026-03-12,09:39:42,2,3,6,827,Millet
2026-03-12,09:39:47,2,3,6,828,Millet
2026-03-12,09:39:52,2,3,6,826,Millet
2026-03-12,09:39:57,2,3,6,825,Millet
2026-03-12,09:40:02,2,3,6,822,Millet
2026-03-12,09:40:07,2,3,6,825,Millet
2026-03-12,09:40:12,2,3,6,825,Millet
2026-03-12,09:40:17,2,3,6,824,Millet
2026-03-12,09:40:22,2,3,6,821,Millet
2026-03-12,09:40:27,2,3,6,810,Millet
2026-03-12,09:40:32,2,3,6,816,Millet
2026-03-12,09:40:37,2,3,6,815,Millet
2026-03-12,09:43:47,0,0,0,833,Waiting...
2026-03-12,09:43:54,0,0,0,829,Millet
2026-03-12,09:44:02,0,0,0,829,Millet
2026-03-12,09:44:09,0,0,0,830,Millet
2026-03-12,09:44:15,0,0,0,830,Millet
2026-03-12,09:44:22,0,0,0,830,Millet
2026-03-12,09:44:29,0,0,0,831,Millet
2026-03-12,09:44:36,0,0,0,831,Millet
2026-03-12,09:44:43,0,0,0,830,Millet
2026-03-12,09:44:50,0,0,0,829,Millet
2026-03-12,09:44:57,0,0,0,828,Millet
2026-03-12,09:45:04,0,0,0,828,Millet
2026-03-12,09:45:11,0,0,0,828,Millet
2026-03-12,09:45:18,0,0,0,828,Millet
2026-03-12,09:45:25,0,0,0,829,Millet
2026-03-12,09:45:32,0,0,0,829,Millet
2026-03-12,09:45:39,0,0,0,828,Millet
2026-03-12,09:45:46,0,0,0,829,Millet
2026-03-12,09:45:53,0,0,0,829,Millet
2026-03-12,09:46:00,0,0,0,828,Millet
2026-03-12,09:46:07,0,0,0,827,Millet
2026-03-12,09:46:14,0,0,0,826,Millet
2026-03-12,09:46:21,0,0,0,825,Millet
2026-03-12,09:46:28,0,0,0,825,Millet
2026-03-12,09:46:35,0,0,0,823,Millet
2026-03-12,09:46:43,0,0,0,824,Millet
2026-03-12,09:46:50,0,0,0,824,Millet
2026-03-12,09:46:57,0,0,0,824,Millet
2026-03-12,09:47:04,0,0,0,824,Millet
2026-03-12,09:47:11,0,0,0,824,Millet
2026-03-12,09:47:18,0,0,0,823,Millet
2026-03-12,09:47:25,0,0,0,819,Millet
2026-03-12,09:47:32,0,0,0,822,Millet
2026-03-12,09:47:39,0,0,0,822,Millet
2026-03-12,09:47:46,0,0,0,821,Millet
2026-03-12,09:47:53,0,0,0,821,Millet
2026-03-12,09:48:00,0,0,0,821,Millet
2026-03-12,09:48:07,0,0,0,821,Millet
2026-03-12,09:48:14,0,0,0,820,Millet
2026-03-12,09:48:21,0,0,0,821,Millet
2026-03-12,09:48:28,0,0,0,821,Millet
2026-03-12,09:48:35,0,0,0,820,Millet
2026-03-12,09:48:42,0,0,0,820,Millet
2026-03-12,09:48:49,0,0,0,820,Millet
2026-03-12,09:48:56,0,0,0,820,Millet
2026-03-12,09:49:03,0,0,0,819,Millet
2026-03-12,09:49:10,0,0,0,819,Millet
2026-03-12,09:49:17,0,0,0,820,Millet
2026-03-12,09:49:24,0,0,0,819,Millet
2026-03-12,09:49:31,0,0,0,817,Millet
2026-03-12,09:49:38,0,0,0,815,Millet
2026-03-12,09:49:45,0,0,0,815,Millet
2026-03-12,09:49:52,0,0,0,814,Millet
2026-03-12,09:49:59,0,0,0,814,Millet
2026-03-12,09:50:06,0,0,0,813,Millet
2026-03-12,09:50:13,0,0,0,813,Millet
2026-03-12,09:50:20,0,0,0,813,Millet
2026-03-12,09:50:27,0,0,0,814,Millet
2026-03-12,09:50:34,0,0,0,814,Millet
2026-03-12,09:50:41,0,0,0,814,Millet
2026-03-12,09:50:48,0,0,0,814,Millet
2026-03-12,09:50:56,0,0,0,815,Millet
2026-03-12,09:51:03,0,0,0,815,Millet
2026-03-12,09:51:10,0,0,0,815,Millet
2026-03-12,09:51:17,0,0,0,816,Millet
2026-03-12,09:51:24,0,0,0,815,Millet
2026-03-12,09:51:31,0,0,0,815,Millet
2026-03-12,09:51:38,0,0,0,815,Millet
2026-03-12,09:51:45,0,0,0,816,Millet
2026-03-12,09:51:52,0,0,0,816,Millet
2026-03-12,09:51:59,0,0,0,816,Millet
2026-03-12,09:52:06,0,0,0,816,Millet
2026-03-12,09:52:13,0,0,0,816,Millet
2026-03-12,09:52:20,0,0,0,816,Millet
2026-03-12,09:52:27,0,0,0,816,Millet
2026-03-12,09:52:34,0,0,0,815,Millet
2026-03-12,09:52:41,0,0,0,816,Millet
2026-03-12,09:52:48,0,0,0,816,Millet
2026-03-12,09:52:55,0,0,0,815,Millet
2026-03-12,09:53:02,0,0,0,816,Millet
2026-03-12,09:53:09,0,0,0,815,Millet
2026-03-12,09:53:16,0,0,0,816,Millet
2026-03-12,09:53:23,0,0,0,817,Millet
2026-03-12,09:53:30,0,0,0,816,Millet
2026-03-12,09:53:37,0,0,0,816,Millet
2026-03-12,09:53:44,0,0,0,816,Millet
2026-03-12,09:53:51,0,0,0,817,Millet
2026-03-12,09:53:58,0,0,0,817,Millet
2026-03-12,09:54:05,0,0,0,818,Millet
2026-03-12,09:54:12,0,0,0,818,Millet
2026-03-12,09:54:19,0,0,0,818,Millet
2026-03-12,09:54:26,0,0,0,819,Millet
2026-03-12,09:54:33,0,0,0,820,Millet
2026-03-12,09:54:40,0,0,0,820,Millet
2026-03-12,09:54:47,0,0,0,819,Millet
2026-03-12,09:54:54,0,0,0,820,Millet
2026-03-12,09:55:02,0,0,0,820,Millet
2026-03-12,09:55:09,0,0,0,821,Millet
2026-03-12,09:55:16,0,0,0,821,Millet
2026-03-12,09:55:23,0,0,0,821,Millet
2026-03-12,09:55:30,0,0,0,821,Millet
2026-03-12,09:55:37,0,0,0,821,Millet
2026-03-12,09:55:44,0,0,0,821,Millet
2026-03-12,09:55:51,0,0,0,821,Millet
2026-03-12,09:55:58,0,0,0,821,Millet
2026-03-12,09:56:05,0,0,0,821,Millet
2026-03-12,09:56:12,0,0,0,821,Millet
2026-03-12,09:56:19,0,0,0,822,Millet
2026-03-12,09:56:26,0,0,0,821,Millet
2026-03-12,09:56:33,0,0,0,822,Millet
2026-03-12,09:56:40,0,0,0,822,Millet
2026-03-12,09:56:47,0,0,0,821,Millet
2026-03-12,09:56:54,0,0,0,821,Millet
2026-03-12,09:57:01,0,0,0,822,Millet
2026-03-12,09:57:08,0,0,0,822,Millet
2026-03-12,09:57:15,0,0,0,821,Millet
2026-03-12,09:57:22,0,0,0,822,Millet
2026-03-12,09:57:29,0,0,0,818,Millet
2026-03-12,09:57:36,0,0,0,813,Millet
2026-03-12,09:57:43,0,0,0,813,Millet
2026-03-12,09:57:50,0,0,0,813,Millet
2026-03-12,09:57:57,0,0,0,813,Millet
2026-03-12,09:58:04,0,0,0,813,Millet
2026-03-12,09:58:11,0,0,0,813,Millet
2026-03-12,09:58:18,0,0,0,812,Millet
2026-03-12,09:58:25,0,0,0,813,Millet
2026-03-12,09:58:32,0,0,0,812,Millet
2026-03-12,09:58:39,0,0,0,811,Millet
2026-03-12,09:58:46,0,0,0,811,Millet
2026-03-12,09:58:53,0,0,0,811,Millet
2026-03-12,09:59:00,0,0,0,811,Millet
2026-03-12,09:59:08,0,0,0,811,Millet
2026-03-12,09:59:15,0,0,0,811,Millet
2026-03-12,09:59:22,0,0,0,811,Millet
2026-03-12,09:59:29,0,0,0,811,Millet
2026-03-12,09:59:36,0,0,0,811,Millet
2026-03-12,09:59:43,0,0,0,811,Millet
2026-03-12,09:59:50,0,0,0,811,Millet
2026-03-12,09:59:57,0,0,0,809,Millet
2026-03-12,10:00:04,0,0,0,810,Millet
2026-03-12,10:00:11,0,0,0,809,Millet
2026-03-12,10:00:18,0,0,0,809,Millet
2026-03-12,10:00:25,0,0,0,809,Millet
2026-03-12,10:00:32,0,0,0,808,Millet
2026-03-12,10:00:39,0,0,0,808,Millet
2026-03-12,10:00:46,0,0,0,807,Millet
2026-03-12,10:00:53,0,0,0,808,Millet
2026-03-12,10:01:00,0,0,0,807,Millet
2026-03-12,10:01:07,0,0,0,806,Millet
2026-03-12,10:01:14,0,0,0,808,Millet
2026-03-12,10:01:21,0,0,0,807,Millet
2026-03-12,10:01:28,0,0,0,807,Millet
2026-03-12,10:01:35,0,0,0,807,Millet
2026-03-12,10:01:42,0,0,0,808,Millet
2026-03-12,10:01:49,0,0,0,807,Millet
2026-03-12,10:01:56,0,0,0,807,Millet
2026-03-12,10:02:03,0,0,0,808,Millet
2026-03-12,10:02:10,0,0,0,807,Millet
2026-03-12,10:02:17,0,0,0,807,Millet
2026-03-12,10:02:24,0,0,0,807,Millet
2026-03-12,10:02:31,0,0,0,807,Millet
2026-03-12,10:02:38,0,0,0,807,Millet
2026-03-12,10:02:45,0,0,0,807,Millet
2026-03-12,10:02:52,0,0,0,807,Millet
2026-03-12,10:02:59,0,0,0,807,Millet
2026-03-12,10:03:06,0,0,0,806,Millet
2026-03-12,10:03:13,0,0,0,806,Millet
2026-03-12,10:03:21,0,0,0,806,Millet
2026-03-12,10:03:28,0,0,0,806,Millet
2026-03-12,10:03:35,0,0,0,806,Millet
2026-03-12,10:03:42,0,0,0,806,Millet
2026-03-12,10:03:49,0,0,0,806,Millet
2026-03-12,10:03:56,0,0,0,806,Millet
2026-03-12,10:04:03,0,0,0,807,Millet
2026-03-12,10:04:10,0,0,0,808,Millet
2026-03-12,10:04:17,0,0,0,807,Millet
2026-03-12,10:04:24,0,0,0,808,Millet
2026-03-12,10:04:31,0,0,0,808,Millet
2026-03-12,10:04:38,0,0,0,808,Millet
2026-03-12,10:04:45,0,0,0,809,Millet
2026-03-12,10:04:52,0,0,0,809,Millet
2026-03-12,10:04:59,0,0,0,809,Millet
2026-03-12,10:05:06,0,0,0,809,Millet
2026-03-12,10:05:13,0,0,0,810,Millet
2026-03-12,10:05:20,0,0,0,810,Millet
2026-03-12,10:05:27,0,0,0,810,Millet
2026-03-12,10:05:34,0,0,0,810,Millet
2026-03-12,10:05:41,0,0,0,811,Millet
2026-03-12,10:05:48,0,0,0,811,Millet
2026-03-12,10:05:55,0,0,0,811,Millet
2026-03-12,10:06:02,0,0,0,811,Millet
2026-03-12,10:06:09,0,0,0,811,Millet
2026-03-12,10:06:16,0,0,0,812,Millet
2026-03-12,10:06:23,0,0,0,811,Millet
2026-03-12,10:06:30,0,0,0,812,Millet
2026-03-12,10:06:37,0,0,0,812,Millet
2026-03-12,10:06:44,0,0,0,812,Millet
2026-03-12,10:06:51,0,0,0,813,Millet
2026-03-12,10:06:58,0,0,0,814,Millet
2026-03-12,10:07:05,0,0,0,815,Millet
2026-03-12,10:07:12,0,0,0,813,Millet
2026-03-12,10:07:19,0,0,0,814,Millet
2026-03-12,10:07:27,0,0,0,814,Millet
2026-03-12,10:07:34,0,0,0,814,Millet
2026-03-12,10:07:41,0,0,0,815,Millet
2026-03-12,10:07:48,0,0,0,815,Millet
2026-03-12,10:07:55,0,0,0,815,Millet
2026-03-12,10:08:02,0,0,0,816,Millet
2026-03-12,10:08:09,0,0,0,816,Millet
2026-03-12,10:08:16,0,0,0,817,Millet
2026-03-12,10:08:23,0,0,0,817,Millet
2026-03-12,10:08:30,0,0,0,817,Millet
2026-03-12,10:08:37,0,0,0,817,Millet
2026-03-12,10:08:44,0,0,0,817,Millet
2026-03-12,10:08:51,0,0,0,817,Millet
2026-03-12,10:08:58,0,0,0,816,Millet
2026-03-12,10:09:05,0,0,0,817,Millet
2026-03-12,10:09:12,0,0,0,817,Millet
2026-03-12,10:09:19,0,0,0,817,Millet
2026-03-12,10:09:26,0,0,0,818,Millet
2026-03-12,10:09:33,0,0,0,818,Millet
2026-03-12,10:09:40,0,0,0,815,Millet
2026-03-12,10:09:47,0,0,0,816,Millet
2026-03-12,10:09:54,0,0,0,816,Millet
2026-03-12,10:10:01,0,0,0,816,Millet
2026-03-12,10:10:08,0,0,0,816,Millet
2026-03-12,10:10:15,0,0,0,816,Millet
2026-03-12,10:10:22,0,0,0,816,Millet
2026-03-12,10:10:29,0,0,0,816,Millet
2026-03-12,10:10:36,0,0,0,816,Millet
2026-03-12,10:10:43,0,0,0,816,Millet
2026-03-12,10:10:50,0,0,0,816,Millet
2026-03-12,10:10:57,0,0,0,816,Millet
2026-03-12,10:11:04,0,0,0,816,Millet
2026-03-12,10:11:11,0,0,0,816,Millet
2026-03-12,10:11:18,0,0,0,816,Millet
2026-03-12,10:11:25,0,0,0,816,Millet
2026-03-12,10:11:33,0,0,0,816,Millet
2026-03-12,10:11:40,0,0,0,816,Millet
2026-03-12,10:11:47,0,0,0,816,Millet
2026-03-12,10:11:54,0,0,0,817,Millet
2026-03-12,10:12:01,0,0,0,816,Millet
2026-03-12,10:12:08,0,0,0,817,Millet
2026-03-12,10:12:15,0,0,0,813,Millet
2026-03-12,10:12:22,0,0,0,811,Millet
2026-03-12,10:12:29,0,0,0,810,Millet
2026-03-12,10:12:36,0,0,0,809,Millet
2026-03-12,10:12:43,0,0,0,808,Millet
2026-03-12,10:12:50,0,0,0,808,Millet
2026-03-12,10:12:57,0,0,0,808,Millet
2026-03-12,10:13:04,0,0,0,808,Millet
2026-03-12,10:13:11,0,0,0,807,Millet
2026-03-12,10:13:18,0,0,0,807,Millet
2026-03-12,10:13:25,0,0,0,808,Millet
2026-03-12,10:13:32,0,0,0,809,Millet
2026-03-12,10:13:39,0,0,0,809,Millet
2026-03-12,10:13:46,0,0,0,809,Millet
2026-03-12,10:13:53,0,0,0,809,Millet
2026-03-12,10:14:00,0,0,0,811,Millet
2026-03-12,10:14:07,0,0,0,811,Millet
2026-03-12,10:14:14,0,0,0,810,Millet
2026-03-12,10:14:21,0,0,0,811,Millet
2026-03-12,10:14:28,0,0,0,812,Millet
2026-03-12,10:14:35,0,0,0,812,Millet
2026-03-12,10:14:42,0,0,0,812,Millet
2026-03-12,10:14:49,0,0,0,814,Millet
2026-03-12,10:14:56,0,0,0,814,Millet
2026-03-12,10:15:03,0,0,0,841,Millet
2026-03-12,10:15:10,0,0,0,811,Millet
2026-03-12,10:15:17,0,0,0,808,Millet
2026-03-12,10:15:24,0,0,0,806,Millet
2026-03-12,10:15:31,0,0,0,803,Millet
2026-03-12,10:15:38,0,0,0,795,Millet
2026-03-12,10:15:45,0,0,0,801,Millet
2026-03-12,10:15:53,0,0,0,810,Millet
2026-03-12,10:16:00,0,0,0,809,Millet
2026-03-12,10:16:07,0,0,0,810,Millet
2026-03-12,10:16:14,0,0,0,810,Millet
2026-03-12,10:16:21,0,0,0,810,Millet
2026-03-12,10:16:28,0,0,0,810,Millet
2026-03-12,10:16:35,0,0,0,810,Millet
2026-03-12,10:16:42,0,0,0,811,Millet
2026-03-12,10:16:49,0,0,0,811,Millet
2026-03-12,10:16:56,0,0,0,810,Millet
2026-03-12,10:17:03,0,0,0,810,Millet
2026-03-12,10:17:10,0,0,0,811,Millet
2026-03-12,10:17:17,0,0,0,811,Millet
2026-03-12,10:17:24,0,0,0,811,Millet
2026-03-12,10:17:31,0,0,0,811,Millet
2026-03-12,10:17:38,0,0,0,812,Millet
2026-03-12,10:17:45,0,0,0,812,Millet
2026-03-12,10:17:52,0,0,0,812,Millet
2026-03-12,10:17:59,0,0,0,811,Millet
2026-03-12,10:18:06,0,0,0,812,Millet
2026-03-12,10:18:13,0,0,0,812,Millet
2026-03-12,10:18:20,0,0,0,810,Millet
2026-03-12,10:18:27,0,0,0,811,Millet
2026-03-12,10:18:34,0,0,0,811,Millet
2026-03-12,10:18:41,0,0,0,813,Millet
2026-03-12,10:18:48,0,0,0,812,Millet
2026-03-12,10:18:55,0,0,0,812,Millet
2026-03-12,10:19:02,0,0,0,812,Millet
2026-03-12,10:19:09,0,0,0,813,Millet
2026-03-12,10:19:16,0,0,0,814,Millet
2026-03-12,10:19:23,0,0,0,813,Millet
2026-03-12,10:19:30,0,0,0,813,Millet
2026-03-12,10:19:37,0,0,0,814,Millet
2026-03-12,10:19:44,0,0,0,813,Millet
2026-03-12,10:19:51,0,0,0,812,Millet
2026-03-12,10:19:58,0,0,0,814,Millet
2026-03-12,10:20:06,0,0,0,814,Millet
2026-03-12,10:20:13,0,0,0,815,Millet
2026-03-12,10:20:20,0,0,0,815,Millet
2026-03-12,10:20:27,0,0,0,815,Millet
2026-03-12,10:20:34,0,0,0,816,Millet
2026-03-12,10:20:41,0,0,0,815,Millet
2026-03-12,10:20:48,0,0,0,816,Millet
2026-03-12,10:20:55,0,0,0,807,Millet
2026-03-12,10:21:02,0,0,0,808,Millet
2026-03-12,10:21:09,0,0,0,809,Millet
2026-03-12,10:21:16,0,0,0,810,Millet
2026-03-12,10:21:24,0,0,0,809,Millet
2026-03-12,10:21:32,0,0,0,812,Millet
2026-03-12,10:21:39,0,0,0,812,Millet
2026-03-12,10:21:45,0,0,0,813,Millet
2026-03-12,10:21:54,0,0,0,813,Millet
2026-03-12,10:21:58,0,0,0,813,Millet
2026-03-12,10:22:07,0,0,0,813,Millet
2026-03-12,10:22:26,0,0,0,812,Millet
2026-03-12,10:22:26,0,0,0,814,Millet
2026-03-12,10:22:27,0,0,0,814,Millet
2026-03-12,10:22:33,0,0,0,814,Millet
2026-03-12,10:22:40,0,0,0,814,Millet
2026-03-12,10:22:47,0,0,0,814,Millet
2026-03-12,10:22:54,0,0,0,814,Millet
2026-03-12,10:23:01,0,0,0,814,Millet
2026-03-12,10:23:08,0,0,0,815,Millet
2026-03-12,10:23:15,0,0,0,814,Millet
2026-03-12,10:23:22,0,0,0,814,Millet
2026-03-12,10:23:29,0,0,0,814,Millet
2026-03-12,10:23:36,0,0,0,814,Millet
2026-03-12,10:23:43,0,0,0,814,Millet
2026-03-12,10:23:50,0,0,0,815,Millet
2026-03-12,10:23:57,0,0,0,815,Millet
2026-03-12,10:24:05,0,0,0,815,Millet
2026-03-12,10:24:12,0,0,0,815,Millet
2026-03-12,10:24:19,0,0,0,814,Millet
2026-03-12,10:24:26,0,0,0,816,Millet
2026-03-12,10:24:33,0,0,0,816,Millet
2026-03-12,10:24:40,0,0,0,815,Millet
2026-03-12,10:24:47,0,0,0,815,Millet
2026-03-12,10:24:55,0,0,0,815,Millet
2026-03-12,10:25:01,0,0,0,816,Millet
2026-03-12,10:25:08,0,0,0,816,Millet
2026-03-12,10:25:15,0,0,0,817,Millet
2026-03-12,10:25:22,0,0,0,816,Millet
2026-03-12,10:25:30,0,0,0,817,Millet
2026-03-12,10:25:36,0,0,0,816,Millet
2026-03-12,10:25:43,0,0,0,816,Millet
2026-03-12,10:25:50,0,0,0,816,Millet
2026-03-12,10:25:59,0,0,0,815,Millet
2026-03-12,10:26:04,0,0,0,815,Millet
2026-03-12,10:26:12,0,0,0,816,Millet
2026-03-12,10:26:18,0,0,0,809,Millet
2026-03-12,10:26:25,0,0,0,810,Millet
2026-03-12,10:26:32,0,0,0,810,Millet
2026-03-12,10:26:39,0,0,0,811,Millet
2026-03-12,10:26:46,0,0,0,812,Millet
2026-03-12,10:26:53,0,0,0,811,Millet
2026-03-12,10:27:00,0,0,0,812,Millet
2026-03-12,10:27:07,0,0,0,812,Millet
2026-03-12,10:27:15,0,0,0,812,Millet
2026-03-12,10:27:21,0,0,0,812,Millet
2026-03-12,10:27:28,0,0,0,812,Millet
2026-03-12,10:27:35,0,0,0,813,Millet
2026-03-12,10:27:42,0,0,0,813,Millet
2026-03-12,10:27:49,0,0,0,813,Millet
2026-03-12,10:27:56,0,0,0,813,Millet
2026-03-12,10:28:03,0,0,0,812,Millet
2026-03-12,10:28:10,0,0,0,813,Millet
2026-03-12,10:28:18,0,0,0,812,Millet
2026-03-12,10:28:25,0,0,0,812,Millet
2026-03-12,10:28:32,0,0,0,812,Millet
2026-03-12,10:28:39,0,0,0,811,Millet
2026-03-12,10:28:46,0,0,0,811,Millet
2026-03-12,10:28:53,0,0,0,812,Millet
2026-03-12,10:29:00,0,0,0,813,Millet
2026-03-12,10:29:07,0,0,0,813,Millet
2026-03-12,10:29:14,0,0,0,813,Millet
2026-03-12,10:29:21,0,0,0,814,Millet
2026-03-12,10:29:28,0,0,0,813,Millet
2026-03-12,10:29:35,0,0,0,812,Millet
2026-03-12,10:29:42,0,0,0,812,Millet
2026-03-12,10:29:49,0,0,0,812,Millet
2026-03-12,10:29:56,0,0,0,813,Millet
2026-03-12,10:30:03,0,0,0,812,Millet
2026-03-12,10:30:10,0,0,0,812,Millet
2026-03-12,10:30:17,0,0,0,811,Millet
2026-03-12,10:30:24,0,0,0,811,Millet
2026-03-12,10:30:31,0,0,0,810,Millet
2026-03-12,10:30:38,0,0,0,810,Millet
2026-03-12,10:30:45,0,0,0,809,Millet
2026-03-12,10:30:52,0,0,0,808,Millet
2026-03-12,10:30:59,0,0,0,810,Millet
2026-03-12,10:31:06,0,0,0,812,Millet
2026-03-12,10:31:13,0,0,0,811,Millet
2026-03-12,10:31:20,0,0,0,811,Millet
2026-03-12,10:31:27,0,0,0,811,Millet
2026-03-12,10:31:34,0,0,0,811,Millet
2026-03-12,10:31:41,0,0,0,812,Millet
2026-03-12,10:31:48,0,0,0,812,Millet
2026-03-12,10:31:55,0,0,0,811,Millet
2026-03-12,10:32:02,0,0,0,811,Millet
2026-03-12,10:32:09,0,0,0,811,Millet
2026-03-12,10:32:16,0,0,0,811,Millet
2026-03-12,10:32:23,0,0,0,810,Millet
2026-03-12,10:32:31,0,0,0,811,Millet
2026-03-12,10:32:38,0,0,0,811,Millet
2026-03-12,10:32:45,0,0,0,812,Millet
2026-03-12,10:32:52,0,0,0,809,Millet
2026-03-12,10:32:59,0,0,0,812,Millet
2026-03-12,10:33:06,0,0,0,811,Millet
2026-03-12,10:33:13,0,0,0,811,Millet
2026-03-12,10:33:20,0,0,0,811,Millet
2026-03-12,10:33:27,0,0,0,812,Millet
2026-03-12,10:33:34,0,0,0,811,Millet
2026-03-12,10:33:41,0,0,0,811,Millet
2026-03-12,10:33:48,0,0,0,846,Millet
2026-03-12,10:33:55,0,0,0,864,Millet
2026-03-12,10:34:02,0,0,0,873,Millet
2026-03-12,10:34:09,0,0,0,876,Millet
2026-03-12,10:34:14,3,4,9,873,Millet
2026-03-12,10:34:19,3,5,10,875,Millet
2026-03-12,10:34:24,3,5,10,875,Millet
2026-03-12,10:34:29,3,5,11,875,Millet
2026-03-12,10:34:34,3,5,11,873,Millet
2026-03-12,10:34:39,3,5,11,874,Millet
2026-03-12,10:34:44,3,5,11,875,Millet
2026-03-12,10:34:49,3,5,11,875,Millet
2026-03-12,10:34:54,3,5,11,874,Millet
2026-03-12,10:34:59,3,5,11,876,Millet
2026-03-12,10:35:04,3,5,11,876,Millet
2026-03-12,10:35:11,0,0,0,877,Millet
2026-03-12,10:35:19,0,0,0,878,Millet
2026-03-12,10:35:25,0,0,0,879,Millet
2026-03-12,10:35:32,0,0,0,878,Millet
2026-03-12,10:35:39,0,0,0,877,Millet
2026-03-12,10:35:47,0,0,0,879,Millet
2026-03-12,10:35:54,0,0,0,881,Millet
2026-03-12,10:36:01,0,0,0,881,Millet
2026-03-12,10:36:08,0,0,0,881,Millet
2026-03-12,10:36:15,0,0,0,881,Millet
2026-03-12,10:36:22,0,0,0,880,Millet
2026-03-12,10:36:29,0,0,0,881,Millet
2026-03-12,10:36:36,0,0,0,880,Millet
2026-03-12,10:36:43,0,0,0,882,Millet
2026-03-12,10:36:50,0,0,0,880,Millet
2026-03-12,10:36:57,0,0,0,881,Millet
2026-03-12,10:37:04,0,0,0,878,Millet
2026-03-12,10:37:11,0,0,0,878,Millet
2026-03-12,10:37:18,0,0,0,876,Millet
2026-03-12,10:37:25,0,0,0,875,Millet
2026-03-12,10:37:32,0,0,0,875,Millet
2026-03-12,10:37:39,0,0,0,823,Millet
2026-03-12,10:37:46,0,0,0,824,Millet
2026-03-12,10:37:53,0,0,0,827,Millet
2026-03-12,10:38:00,0,0,0,832,Millet
2026-03-12,10:38:07,0,0,0,831,Millet
2026-03-12,10:38:14,0,0,0,831,Millet
2026-03-12,10:38:21,0,0,0,831,Millet
2026-03-12,10:38:28,0,0,0,830,Millet
2026-03-12,10:38:35,0,0,0,831,Millet
2026-03-12,10:38:42,0,0,0,832,Millet
2026-03-12,10:38:49,0,0,0,832,Millet
2026-03-12,10:38:56,0,0,0,833,Millet
2026-03-12,10:39:03,0,0,0,834,Millet
2026-03-12,10:39:10,0,0,0,832,Millet
2026-03-12,10:39:17,0,0,0,833,Millet
2026-03-12,10:39:24,0,0,0,835,Millet
2026-03-12,10:39:31,0,0,0,835,Millet
2026-03-12,10:39:38,0,0,0,834,Millet
2026-03-12,10:39:45,0,0,0,835,Millet
2026-03-12,10:39:52,0,0,0,834,Millet
2026-03-12,10:40:00,0,0,0,835,Millet
2026-03-12,10:40:07,0,0,0,834,Millet
2026-03-12,10:40:14,0,0,0,834,Millet
2026-03-12,10:40:21,0,0,0,834,Millet
2026-03-12,10:40:28,0,0,0,833,Millet
2026-03-12,10:40:35,0,0,0,833,Millet
2026-03-12,10:40:42,0,0,0,833,Millet
2026-03-12,10:40:49,0,0,0,834,Millet
2026-03-12,10:40:56,0,0,0,833,Millet
2026-03-12,10:41:03,0,0,0,832,Millet
2026-03-12,10:41:10,0,0,0,833,Millet
2026-03-12,10:41:17,0,0,0,833,Millet
2026-03-12,10:41:24,0,0,0,833,Millet
2026-03-12,10:41:31,0,0,0,833,Millet
2026-03-12,10:41:38,0,0,0,834,Millet
2026-03-12,10:41:45,0,0,0,835,Millet
2026-03-12,10:41:52,0,0,0,835,Millet
2026-03-12,10:41:59,0,0,0,835,Millet
2026-03-12,10:42:06,0,0,0,835,Millet
2026-03-12,10:42:13,0,0,0,835,Millet
2026-03-12,10:42:20,0,0,0,835,Millet
2026-03-12,10:42:27,0,0,0,835,Millet
2026-03-12,10:42:34,0,0,0,835,Millet
2026-03-12,10:42:41,0,0,0,835,Millet
2026-03-12,10:42:48,0,0,0,834,Millet
2026-03-12,10:42:55,0,0,0,834,Millet
2026-03-12,10:43:02,0,0,0,833,Millet
2026-03-12,10:43:09,0,0,0,834,Millet
2026-03-12,10:43:16,0,0,0,833,Millet
2026-03-12,10:43:23,0,0,0,833,Millet
2026-03-12,10:43:30,0,0,0,834,Millet
2026-03-12,10:43:37,0,0,0,833,Millet
2026-03-12,10:43:44,0,0,0,833,Millet
2026-03-12,10:43:51,0,0,0,833,Millet
2026-03-12,10:43:58,0,0,0,833,Millet
2026-03-12,10:44:05,0,0,0,834,Millet
2026-03-12,10:44:13,0,0,0,834,Millet
2026-03-12,10:44:20,0,0,0,834,Millet
2026-03-12,10:44:27,0,0,0,833,Millet
2026-03-12,10:44:34,0,0,0,833,Millet
2026-03-12,10:44:41,0,0,0,833,Millet
2026-03-12,10:44:48,0,0,0,832,Millet
2026-03-12,10:44:55,0,0,0,833,Millet
2026-03-12,10:45:02,0,0,0,832,Millet
2026-03-12,10:45:09,0,0,0,832,Millet
2026-03-12,10:45:16,0,0,0,832,Millet
2026-03-12,10:45:23,0,0,0,833,Millet
2026-03-12,10:45:30,0,0,0,833,Millet
2026-03-12,10:45:37,0,0,0,833,Millet
2026-03-12,10:45:44,0,0,0,832,Millet
2026-03-12,10:45:51,0,0,0,832,Millet
2026-03-12,10:45:58,0,0,0,832,Millet
2026-03-12,10:46:05,0,0,0,832,Millet
2026-03-12,10:46:12,0,0,0,833,Millet
2026-03-12,10:46:19,0,0,0,833,Millet
2026-03-12,10:46:26,0,0,0,832,Millet
2026-03-12,10:46:33,0,0,0,832,Millet
2026-03-12,10:46:40,0,0,0,833,Millet
2026-03-12,10:46:47,0,0,0,833,Millet
2026-03-12,10:46:54,0,0,0,832,Millet
2026-03-12,10:47:01,0,0,0,832,Millet
2026-03-12,10:47:08,0,0,0,833,Millet
2026-03-12,10:47:15,0,0,0,833,Millet
2026-03-12,10:47:22,0,0,0,832,Millet
2026-03-12,10:47:29,0,0,0,832,Millet
2026-03-12,10:47:36,0,0,0,832,Millet
2026-03-12,10:47:43,0,0,0,831,Millet
2026-03-12,10:47:50,0,0,0,833,Millet
2026-03-12,10:47:57,0,0,0,832,Millet
2026-03-12,10:48:04,0,0,0,832,Millet
2026-03-12,10:48:11,0,0,0,832,Millet
2026-03-12,10:48:18,0,0,0,832,Millet
2026-03-12,10:48:25,0,0,0,832,Millet
2026-03-12,10:48:33,0,0,0,831,Millet
2026-03-12,10:48:40,0,0,0,831,Millet
2026-03-12,10:48:47,0,0,0,831,Millet
2026-03-12,10:48:54,0,0,0,833,Millet
2026-03-12,10:49:01,0,0,0,832,Millet
2026-03-12,10:49:08,0,0,0,832,Millet
2026-03-12,10:49:15,0,0,0,831,Millet
2026-03-12,10:49:22,0,0,0,832,Millet
2026-03-12,10:49:30,0,0,0,832,Millet
2026-03-12,10:49:36,0,0,0,833,Millet
2026-03-12,10:49:43,0,0,0,833,Millet
2026-03-12,10:49:50,0,0,0,833,Millet
2026-03-12,10:49:57,0,0,0,833,Millet
2026-03-12,10:50:04,0,0,0,834,Millet
2026-03-12,10:50:11,0,0,0,835,Millet
2026-03-12,10:50:18,0,0,0,833,Millet
2026-03-12,10:50:25,0,0,0,834,Millet
2026-03-12,10:50:32,0,0,0,834,Millet
2026-03-12,10:50:39,0,0,0,833,Millet
2026-03-12,10:50:46,0,0,0,835,Millet
2026-03-12,10:50:53,0,0,0,834,Millet
2026-03-12,10:51:00,0,0,0,835,Millet
2026-03-12,10:51:07,0,0,0,835,Millet
2026-03-12,10:51:14,0,0,0,835,Millet
2026-03-12,10:51:21,0,0,0,836,Millet
2026-03-12,10:51:28,0,0,0,836,Millet
2026-03-12,10:51:35,0,0,0,837,Millet
2026-03-12,10:51:42,0,0,0,838,Millet
2026-03-12,10:51:49,0,0,0,837,Millet
2026-03-12,10:51:56,0,0,0,837,Millet
2026-03-12,10:52:03,0,0,0,838,Millet
2026-03-12,10:52:10,0,0,0,839,Millet
2026-03-12,10:52:17,0,0,0,838,Millet
2026-03-12,10:52:24,0,0,0,839,Millet
2026-03-12,10:52:31,0,0,0,839,Millet
2026-03-12,10:52:38,0,0,0,839,Millet
2026-03-12,10:52:47,0,0,0,839,Millet
2026-03-12,10:52:53,0,0,0,838,Millet
2026-03-12,10:53:00,0,0,0,839,Millet
2026-03-12,10:53:07,0,0,0,839,Millet
2026-03-12,10:53:14,0,0,0,839,Millet
2026-03-12,10:53:21,0,0,0,840,Millet
2026-03-12,10:53:28,0,0,0,840,Millet
2026-03-12,10:53:35,0,0,0,839,Millet
2026-03-12,10:53:42,0,0,0,840,Millet
2026-03-12,10:53:49,0,0,0,839,Millet
2026-03-12,10:53:56,0,0,0,839,Millet
2026-03-12,10:54:03,0,0,0,840,Millet
2026-03-12,10:54:10,0,0,0,840,Millet
2026-03-12,10:54:17,0,0,0,839,Millet
2026-03-12,10:54:24,0,0,0,840,Millet
2026-03-12,10:54:31,0,0,0,840,Millet
2026-03-12,10:54:38,0,0,0,841,Millet
2026-03-12,10:54:45,0,0,0,840,Millet
2026-03-12,10:54:52,0,0,0,840,Millet
2026-03-12,10:54:59,0,0,0,840,Millet
2026-03-12,10:55:06,0,0,0,840,Millet
2026-03-12,10:55:13,0,0,0,840,Millet
2026-03-12,10:55:20,0,0,0,841,Millet
2026-03-12,10:55:27,0,0,0,840,Millet
2026-03-12,10:55:34,0,0,0,841,Millet
2026-03-12,10:55:41,0,0,0,840,Millet
2026-03-12,10:55:48,0,0,0,839,Millet
2026-03-12,10:55:55,0,0,0,840,Millet
2026-03-12,10:56:02,0,0,0,840,Millet
2026-03-12,10:56:09,0,0,0,840,Millet
2026-03-12,10:56:16,0,0,0,840,Millet
2026-03-12,10:56:23,0,0,0,840,Millet
2026-03-12,10:56:30,0,0,0,840,Millet
2026-03-12,10:56:37,0,0,0,839,Millet
2026-03-12,10:56:44,0,0,0,839,Millet
2026-03-12,10:56:51,0,0,0,840,Millet
2026-03-12,10:56:59,0,0,0,839,Millet
2026-03-12,10:57:06,0,0,0,840,Millet
2026-03-12,10:57:13,0,0,0,839,Millet
2026-03-12,10:57:20,0,0,0,839,Millet
2026-03-12,10:57:27,0,0,0,840,Millet
2026-03-12,10:57:34,0,0,0,841,Millet
2026-03-12,10:57:41,0,0,0,840,Millet
2026-03-12,10:57:48,0,0,0,840,Millet
2026-03-12,10:57:55,0,0,0,840,Millet
2026-03-12,10:58:02,0,0,0,839,Millet
2026-03-12,10:58:09,0,0,0,840,Millet
2026-03-12,10:58:16,0,0,0,840,Millet
2026-03-12,10:58:23,0,0,0,840,Millet
2026-03-12,10:58:30,0,0,0,840,Millet
2026-03-12,10:58:37,0,0,0,839,Millet
2026-03-12,10:58:44,0,0,0,839,Millet
2026-03-12,10:58:51,0,0,0,840,Millet
2026-03-12,10:58:58,0,0,0,840,Millet
2026-03-12,10:59:05,0,0,0,840,Millet
2026-03-12,10:59:12,0,0,0,840,Millet
2026-03-12,10:59:19,0,0,0,839,Millet
2026-03-12,10:59:26,0,0,0,839,Millet
2026-03-12,10:59:33,0,0,0,839,Millet
2026-03-12,10:59:40,0,0,0,839,Millet
2026-03-12,10:59:47,0,0,0,839,Millet
2026-03-12,10:59:54,0,0,0,839,Millet
2026-03-12,11:00:01,0,0,0,839,Millet
2026-03-12,11:00:08,0,0,0,839,Millet
2026-03-12,11:00:15,0,0,0,839,Millet
2026-03-12,11:00:22,0,0,0,839,Millet
2026-03-12,11:00:29,0,0,0,839,Millet
2026-03-12,11:00:36,0,0,0,838,Millet
2026-03-12,11:00:43,0,0,0,839,Millet
2026-03-12,11:00:50,0,0,0,839,Millet
2026-03-12,11:00:57,0,0,0,840,Millet
2026-03-12,11:01:04,0,0,0,839,Millet
2026-03-12,11:01:12,0,0,0,839,Millet
2026-03-12,11:01:19,0,0,0,839,Millet
2026-03-12,11:01:26,0,0,0,839,Millet
2026-03-12,11:01:33,0,0,0,839,Millet
2026-03-12,11:01:40,0,0,0,839,Millet
2026-03-12,11:01:47,0,0,0,838,Millet
2026-03-12,11:01:54,0,0,0,839,Millet
2026-03-12,11:02:01,0,0,0,840,Millet
2026-03-12,11:02:08,0,0,0,840,Millet
2026-03-12,11:02:15,0,0,0,838,Millet
2026-03-12,11:02:22,0,0,0,839,Millet
2026-03-12,11:02:29,0,0,0,839,Millet
2026-03-12,11:02:36,0,0,0,840,Millet
2026-03-12,11:02:43,0,0,0,839,Millet
2026-03-12,11:02:50,0,0,0,838,Millet
2026-03-12,11:02:57,0,0,0,838,Millet
2026-03-12,11:03:04,0,0,0,839,Millet
2026-03-12,11:03:11,0,0,0,838,Millet
2026-03-12,11:03:18,0,0,0,838,Millet
2026-03-12,11:03:25,0,0,0,839,Millet
2026-03-12,11:03:32,0,0,0,838,Millet
2026-03-12,11:03:39,0,0,0,839,Millet
2026-03-12,11:03:46,0,0,0,830,Millet
2026-03-12,11:03:53,0,0,0,833,Millet
2026-03-12,11:04:00,0,0,0,834,Millet
2026-03-12,11:04:07,0,0,0,835,Millet
2026-03-12,11:04:14,0,0,0,835,Millet
2026-03-12,11:04:21,0,0,0,836,Millet
2026-03-12,11:04:28,0,0,0,837,Millet
2026-03-12,11:04:35,0,0,0,837,Millet
2026-03-12,11:04:42,0,0,0,838,Millet
2026-03-12,11:04:49,0,0,0,838,Millet
2026-03-12,11:04:56,0,0,0,838,Millet
2026-03-12,11:05:03,0,0,0,839,Millet
2026-03-12,11:05:10,0,0,0,838,Millet
2026-03-12,11:05:17,0,0,0,838,Millet
2026-03-12,11:05:25,0,0,0,838,Millet
2026-03-12,11:05:32,0,0,0,838,Millet
2026-03-12,11:05:39,0,0,0,838,Millet
2026-03-12,11:05:46,0,0,0,839,Millet
2026-03-12,11:05:53,0,0,0,838,Millet
2026-03-12,11:06:00,0,0,0,839,Millet
2026-03-12,11:06:07,0,0,0,838,Millet
2026-03-12,11:06:14,0,0,0,839,Millet
2026-03-12,11:06:21,0,0,0,840,Millet
2026-03-12,11:06:28,0,0,0,840,Millet
2026-03-12,11:06:35,0,0,0,840,Millet
2026-03-12,11:06:42,0,0,0,841,Millet
2026-03-12,11:06:49,0,0,0,842,Millet
2026-03-12,11:06:56,0,0,0,841,Millet
2026-03-12,11:07:03,0,0,0,832,Millet
2026-03-12,11:07:10,0,0,0,926,Millet
2026-03-12,11:07:15,2,3,6,786,Millet
2026-03-12,11:07:20,2,2,5,825,Millet
2026-03-12,11:07:27,0,0,0,826,Millet
2026-03-12,11:07:34,0,0,0,848,Millet
2026-03-12,11:07:41,0,0,0,854,Millet
2026-03-12,11:07:48,0,0,0,856,Millet
2026-03-12,11:07:55,0,0,0,859,Millet
2026-03-12,11:08:02,0,0,0,862,Millet
2026-03-12,11:08:09,0,0,0,862,Millet
2026-03-12,11:08:16,0,0,0,859,Millet
2026-03-12,11:08:23,0,0,0,861,Millet
2026-03-12,11:08:30,0,0,0,862,Millet
2026-03-12,11:08:37,0,0,0,863,Millet
2026-03-12,11:08:44,0,0,0,865,Millet
2026-03-12,11:08:51,0,0,0,866,Millet
2026-03-12,11:08:58,0,0,0,866,Millet
2026-03-12,11:09:05,0,0,0,869,Millet
2026-03-12,11:09:12,0,0,0,870,Millet
2026-03-12,11:09:19,0,0,0,871,Millet
2026-03-12,11:09:27,0,0,0,871,Millet
2026-03-12,11:09:34,0,0,0,871,Millet
2026-03-12,11:09:41,0,0,0,871,Millet
2026-03-12,11:09:48,0,0,0,947,Millet
2026-03-12,11:09:55,0,0,0,885,Millet
2026-03-12,11:10:02,0,0,0,882,Millet
2026-03-12,11:10:09,0,0,0,883,Millet
2026-03-12,11:10:16,0,0,0,882,Millet
2026-03-12,11:10:23,0,0,0,882,Millet
2026-03-12,11:10:30,0,0,0,882,Millet
2026-03-12,11:10:37,0,0,0,886,Millet
2026-03-12,11:10:44,0,0,0,887,Millet
2026-03-12,11:10:51,0,0,0,887,Millet
2026-03-12,11:10:58,0,0,0,887,Millet
2026-03-12,11:11:05,0,0,0,885,Millet
2026-03-12,11:11:12,0,0,0,884,Millet
2026-03-12,11:11:19,0,0,0,877,Millet
2026-03-12,11:11:26,0,0,0,881,Millet
2026-03-12,11:11:33,0,0,0,888,Millet
2026-03-12,11:11:40,0,0,0,891,Millet
2026-03-12,11:11:47,0,0,0,890,Millet
2026-03-12,11:11:54,0,0,0,891,Millet
2026-03-12,11:12:01,0,0,0,890,Millet
2026-03-12,11:12:08,0,0,0,890,Millet
2026-03-12,11:12:15,0,0,0,891,Millet
2026-03-12,11:12:22,0,0,0,890,Millet
2026-03-12,11:12:29,0,0,0,891,Millet
2026-03-12,11:12:36,0,0,0,892,Millet
2026-03-12,11:12:43,0,0,0,892,Millet
2026-03-12,11:12:50,0,0,0,892,Millet
2026-03-12,11:12:57,0,0,0,891,Millet
2026-03-12,11:13:04,0,0,0,892,Millet
2026-03-12,11:13:11,0,0,0,893,Millet
2026-03-12,11:13:18,0,0,0,891,Millet
2026-03-12,11:13:25,0,0,0,891,Millet
2026-03-12,11:13:32,0,0,0,893,Millet
2026-03-12,11:13:40,0,0,0,894,Millet
2026-03-12,11:13:47,0,0,0,894,Millet
2026-03-12,11:13:54,0,0,0,894,Millet
2026-03-12,11:14:01,0,0,0,894,Millet
2026-03-12,11:14:08,0,0,0,894,Millet
2026-03-12,11:14:15,0,0,0,894,Millet
2026-03-12,11:14:22,0,0,0,896,Millet
2026-03-12,11:14:29,0,0,0,896,Millet
2026-03-12,11:14:36,0,0,0,897,Millet
2026-03-12,11:14:43,0,0,0,898,Millet
2026-03-12,11:14:50,0,0,0,895,Millet
2026-03-12,11:14:57,0,0,0,897,Millet
2026-03-12,11:15:04,0,0,0,895,Millet
2026-03-12,11:15:11,0,0,0,897,Millet
2026-03-12,11:15:18,0,0,0,897,Millet
2026-03-12,11:15:25,0,0,0,898,Millet
2026-03-12,11:15:32,0,0,0,897,Millet
2026-03-12,11:15:39,0,0,0,897,Millet
2026-03-12,11:15:46,0,0,0,899,Millet
2026-03-12,11:15:53,0,0,0,899,Millet
2026-03-12,11:16:00,0,0,0,899,Millet
2026-03-12,11:16:07,0,0,0,898,Millet
2026-03-12,11:16:14,0,0,0,900,Millet
2026-03-12,11:16:21,0,0,0,899,Millet
2026-03-12,11:16:28,0,0,0,898,Millet
2026-03-12,11:16:35,0,0,0,897,Millet
2026-03-12,11:16:42,0,0,0,897,Millet
2026-03-12,11:16:49,0,0,0,897,Millet
2026-03-12,11:16:56,0,0,0,897,Millet
2026-03-12,11:17:03,0,0,0,898,Millet
2026-03-12,11:17:10,0,0,0,897,Millet
2026-03-12,11:17:17,0,0,0,898,Millet
2026-03-12,11:17:24,0,0,0,896,Millet
2026-03-12,11:17:31,0,0,0,896,Millet
2026-03-12,11:17:38,0,0,0,896,Millet
2026-03-12,11:17:46,0,0,0,896,Millet
2026-03-12,11:17:52,0,0,0,896,Millet
2026-03-12,11:18:00,0,0,0,895,Millet
2026-03-12,11:18:07,0,0,0,895,Millet
2026-03-12,11:18:14,0,0,0,895,Millet
2026-03-12,11:18:21,0,0,0,895,Millet
2026-03-12,11:18:28,0,0,0,895,Millet
2026-03-12,11:18:35,0,0,0,895,Millet
2026-03-12,11:18:42,0,0,0,894,Millet
2026-03-12,11:18:49,0,0,0,894,Millet
2026-03-12,11:18:56,0,0,0,894,Millet
2026-03-12,11:19:03,0,0,0,893,Millet
2026-03-12,11:19:10,0,0,0,893,Millet
2026-03-12,11:19:17,0,0,0,893,Millet
2026-03-12,11:19:24,0,0,0,891,Millet
2026-03-12,11:19:31,0,0,0,891,Millet
2026-03-12,11:19:38,0,0,0,890,Millet
2026-03-12,11:19:45,0,0,0,890,Millet
2026-03-12,11:19:52,0,0,0,889,Millet
2026-03-12,11:19:59,0,0,0,888,Millet
2026-03-12,11:20:06,0,0,0,889,Millet
2026-03-12,11:20:13,0,0,0,887,Millet
2026-03-12,11:20:20,0,0,0,886,Millet
2026-03-12,11:20:27,0,0,0,885,Millet
2026-03-12,11:20:34,0,0,0,885,Millet
2026-03-12,11:20:41,0,0,0,885,Millet
2026-03-12,11:20:48,0,0,0,885,Millet
2026-03-12,11:20:55,0,0,0,884,Millet
2026-03-12,11:21:02,0,0,0,884,Millet
2026-03-12,11:21:09,0,0,0,884,Millet
2026-03-12,11:21:16,0,0,0,884,Millet
2026-03-12,11:21:23,0,0,0,884,Millet
2026-03-12,11:21:30,0,0,0,884,Millet
2026-03-12,11:21:37,0,0,0,884,Millet
2026-03-12,11:21:44,0,0,0,884,Millet
2026-03-12,11:21:51,0,0,0,884,Millet
2026-03-12,11:21:58,0,0,0,884,Millet
2026-03-12,11:22:05,0,0,0,884,Millet
2026-03-12,11:22:13,0,0,0,884,Millet
2026-03-12,11:22:20,0,0,0,885,Millet
2026-03-12,11:22:27,0,0,0,884,Millet
2026-03-12,11:22:34,0,0,0,885,Millet
2026-03-12,11:22:41,0,0,0,881,Millet
2026-03-12,11:22:48,0,0,0,882,Millet
2026-03-12,11:22:55,0,0,0,883,Millet
2026-03-12,11:23:02,0,0,0,883,Millet
2026-03-12,11:23:09,0,0,0,883,Millet
2026-03-12,11:23:16,0,0,0,881,Millet
2026-03-12,11:23:23,0,0,0,882,Millet
2026-03-12,11:23:30,0,0,0,882,Millet
2026-03-12,11:23:37,0,0,0,883,Millet
2026-03-12,11:23:44,0,0,0,881,Millet
2026-03-12,11:23:51,0,0,0,881,Millet
2026-03-12,11:23:58,0,0,0,880,Millet
2026-03-12,11:24:05,0,0,0,879,Millet
2026-03-12,11:24:12,0,0,0,879,Millet
2026-03-12,11:24:19,0,0,0,879,Millet
2026-03-12,11:24:26,0,0,0,878,Millet
2026-03-12,11:24:33,0,0,0,879,Millet
2026-03-12,11:24:40,0,0,0,878,Millet
2026-03-12,11:24:47,0,0,0,878,Millet
2026-03-12,11:24:54,0,0,0,878,Millet
2026-03-12,11:25:01,0,0,0,878,Millet
2026-03-12,11:25:08,0,0,0,878,Millet
2026-03-12,11:25:15,0,0,0,877,Millet
2026-03-12,11:25:22,0,0,0,877,Millet
2026-03-12,11:25:29,0,0,0,876,Millet
2026-03-12,11:25:36,0,0,0,876,Millet
2026-03-12,11:25:43,0,0,0,876,Millet
2026-03-12,11:25:50,0,0,0,876,Millet
2026-03-12,11:25:57,0,0,0,876,Millet
2026-03-12,11:26:04,0,0,0,874,Millet
2026-03-12,11:26:11,0,0,0,874,Millet
2026-03-12,11:26:18,0,0,0,874,Millet
2026-03-12,11:26:26,0,0,0,874,Millet
2026-03-12,11:26:33,0,0,0,875,Millet
2026-03-12,11:26:40,0,0,0,875,Millet
2026-03-12,11:26:47,0,0,0,875,Millet
2026-03-12,11:26:54,0,0,0,876,Millet
2026-03-12,11:27:01,0,0,0,876,Millet
2026-03-12,11:27:08,0,0,0,875,Millet
2026-03-12,11:27:15,0,0,0,876,Millet
2026-03-12,11:27:22,0,0,0,876,Millet
2026-03-12,11:27:29,0,0,0,876,Millet
2026-03-12,11:27:36,0,0,0,876,Millet
2026-03-12,11:27:43,0,0,0,876,Millet
2026-03-12,11:27:50,0,0,0,875,Millet
2026-03-12,11:27:57,0,0,0,875,Millet
2026-03-12,11:28:04,0,0,0,875,Millet
2026-03-12,11:28:11,0,0,0,875,Millet
2026-03-12,11:28:18,0,0,0,875,Millet
2026-03-12,11:28:25,0,0,0,875,Millet
2026-03-12,11:28:32,0,0,0,874,Millet
2026-03-12,11:28:39,0,0,0,874,Millet
2026-03-12,11:28:46,0,0,0,874,Millet
2026-03-12,11:28:53,0,0,0,873,Millet
2026-03-12,11:29:00,0,0,0,873,Millet
2026-03-12,11:29:07,0,0,0,869,Millet
2026-03-12,11:29:14,0,0,0,870,Millet
2026-03-12,11:29:21,0,0,0,872,Millet
2026-03-12,11:29:28,0,0,0,871,Millet
2026-03-12,11:29:35,0,0,0,870,Millet
2026-03-12,11:29:42,0,0,0,869,Millet
2026-03-12,11:29:49,0,0,0,867,Millet
2026-03-12,11:29:56,0,0,0,865,Millet
2026-03-12,11:30:03,0,0,0,865,Millet
2026-03-12,11:30:10,0,0,0,865,Millet
2026-03-12,11:30:17,0,0,0,864,Millet
2026-03-12,11:30:24,0,0,0,864,Millet
2026-03-12,11:30:31,0,0,0,863,Millet
2026-03-12,11:30:38,0,0,0,861,Millet
2026-03-12,11:30:46,0,0,0,860,Millet
2026-03-12,11:30:53,0,0,0,859,Millet
2026-03-12,11:31:00,0,0,0,859,Millet
2026-03-12,11:31:07,0,0,0,859,Millet
2026-03-12,11:31:14,0,0,0,859,Millet
2026-03-12,11:31:21,0,0,0,858,Millet
2026-03-12,11:31:28,0,0,0,858,Millet
2026-03-12,11:31:35,0,0,0,857,Millet
2026-03-12,11:31:42,0,0,0,857,Millet
2026-03-12,11:31:49,0,0,0,857,Millet
2026-03-12,11:31:56,0,0,0,856,Millet
2026-03-12,11:32:03,0,0,0,857,Millet
2026-03-12,11:32:10,0,0,0,857,Millet
2026-03-12,11:32:17,0,0,0,856,Millet
2026-03-12,11:32:24,0,0,0,857,Millet
2026-03-12,11:32:31,0,0,0,857,Millet
2026-03-12,11:32:38,0,0,0,857,Millet
2026-03-12,11:32:45,0,0,0,855,Millet
2026-03-12,11:32:52,0,0,0,855,Millet
2026-03-12,11:32:59,0,0,0,856,Millet
2026-03-12,11:33:06,0,0,0,857,Millet
2026-03-12,11:33:13,0,0,0,856,Millet
2026-03-12,11:33:20,0,0,0,857,Millet
2026-03-12,11:33:27,0,0,0,856,Millet
2026-03-12,11:33:34,0,0,0,855,Millet
2026-03-12,11:33:41,0,0,0,856,Millet
2026-03-12,11:33:48,0,0,0,855,Millet
2026-03-12,11:33:55,0,0,0,855,Millet
2026-03-12,11:34:02,0,0,0,855,Millet
2026-03-12,11:34:09,0,0,0,855,Millet
2026-03-12,11:34:16,0,0,0,852,Millet
2026-03-12,11:34:23,0,0,0,853,Millet
2026-03-12,11:34:30,0,0,0,853,Millet
2026-03-12,11:34:37,0,0,0,853,Millet
2026-03-12,11:34:44,0,0,0,854,Millet
2026-03-12,11:34:51,0,0,0,852,Millet
2026-03-12,11:34:58,0,0,0,854,Millet
2026-03-12,11:35:06,0,0,0,853,Millet
2026-03-12,11:35:13,0,0,0,853,Millet
2026-03-12,11:35:20,0,0,0,854,Millet
2026-03-12,11:35:27,0,0,0,853,Millet
2026-03-12,11:35:34,0,0,0,854,Millet
2026-03-12,11:35:41,0,0,0,853,Millet
2026-03-12,11:35:48,0,0,0,854,Millet
2026-03-12,11:35:55,0,0,0,854,Millet
2026-03-12,11:36:02,0,0,0,853,Millet
2026-03-12,11:36:09,0,0,0,853,Millet
2026-03-12,11:36:16,0,0,0,852,Millet
2026-03-12,11:36:23,0,0,0,853,Millet
2026-03-12,11:36:30,0,0,0,853,Millet
2026-03-12,11:36:37,0,0,0,852,Millet
2026-03-12,11:36:44,0,0,0,852,Millet
2026-03-12,11:36:51,0,0,0,852,Millet
2026-03-12,11:36:58,0,0,0,852,Millet
2026-03-12,11:37:05,0,0,0,853,Millet
2026-03-12,11:37:12,0,0,0,853,Millet
2026-03-12,11:37:19,0,0,0,853,Millet
2026-03-12,11:37:26,0,0,0,853,Millet
2026-03-12,11:37:33,0,0,0,853,Millet
2026-03-12,11:37:40,0,0,0,853,Millet
2026-03-12,11:37:47,0,0,0,854,Millet
2026-03-12,11:37:54,0,0,0,853,Millet
2026-03-12,11:38:01,0,0,0,853,Millet
2026-03-12,11:38:08,0,0,0,853,Millet
2026-03-12,11:38:15,0,0,0,853,Millet
2026-03-12,11:38:22,0,0,0,853,Millet
2026-03-12,11:38:29,0,0,0,852,Millet
2026-03-12,11:38:36,0,0,0,853,Millet
2026-03-12,11:38:43,0,0,0,852,Millet
2026-03-12,11:38:50,0,0,0,852,Millet
2026-03-12,11:38:57,0,0,0,852,Millet
2026-03-12,11:39:04,0,0,0,851,Millet
2026-03-12,11:39:11,0,0,0,851,Millet
2026-03-12,11:39:19,0,0,0,852,Millet
2026-03-12,11:39:26,0,0,0,852,Millet
2026-03-12,11:39:33,0,0,0,852,Millet
2026-03-12,11:39:40,0,0,0,852,Millet
2026-03-12,11:39:47,0,0,0,852,Millet
2026-03-12,11:39:54,0,0,0,852,Millet
2026-03-12,11:40:01,0,0,0,852,Millet
2026-03-12,11:40:08,0,0,0,852,Millet
2026-03-12,11:40:15,0,0,0,852,Millet
2026-03-12,11:40:22,0,0,0,852,Millet
2026-03-12,11:40:29,0,0,0,852,Millet
2026-03-12,11:40:36,0,0,0,851,Millet
2026-03-12,11:40:43,0,0,0,851,Millet
2026-03-12,11:40:50,0,0,0,850,Millet
2026-03-12,11:40:57,0,0,0,850,Millet
2026-03-12,11:41:04,0,0,0,850,Millet
2026-03-12,11:41:11,0,0,0,850,Millet
2026-03-12,11:41:18,0,0,0,848,Millet
2026-03-12,11:41:25,0,0,0,848,Millet
2026-03-12,11:41:32,0,0,0,849,Millet
2026-03-12,11:41:39,0,0,0,848,Millet
2026-03-12,11:41:46,0,0,0,848,Millet
2026-03-12,11:41:53,0,0,0,848,Millet
2026-03-12,11:42:00,0,0,0,848,Millet
2026-03-12,11:42:07,0,0,0,848,Millet
2026-03-12,11:42:14,0,0,0,847,Millet
2026-03-12,11:42:21,0,0,0,848,Millet
2026-03-12,11:42:28,0,0,0,847,Millet
2026-03-12,11:42:35,0,0,0,847,Millet
2026-03-12,11:42:42,0,0,0,847,Millet
2026-03-12,11:42:49,0,0,0,847,Millet
2026-03-12,11:42:56,0,0,0,847,Millet
2026-03-12,11:43:03,0,0,0,846,Millet
2026-03-12,11:43:10,0,0,0,846,Millet
2026-03-12,11:43:17,0,0,0,846,Millet
2026-03-12,11:43:24,0,0,0,846,Millet
2026-03-12,11:43:31,0,0,0,845,Millet
2026-03-12,11:43:39,0,0,0,846,Millet
2026-03-12,11:43:46,0,0,0,846,Millet
2026-03-12,11:43:53,0,0,0,845,Millet
2026-03-12,11:44:00,0,0,0,845,Millet
2026-03-12,11:44:07,0,0,0,845,Millet
2026-03-12,11:44:14,0,0,0,844,Millet
2026-03-12,11:44:21,0,0,0,843,Millet
2026-03-12,11:44:28,0,0,0,844,Millet
2026-03-12,11:44:35,0,0,0,843,Millet
2026-03-12,11:44:42,0,0,0,843,Millet
2026-03-12,11:44:49,0,0,0,842,Millet
2026-03-12,11:44:56,0,0,0,843,Millet
2026-03-12,11:45:03,0,0,0,844,Millet
2026-03-12,11:45:10,0,0,0,843,Millet
2026-03-12,11:45:17,0,0,0,843,Millet
2026-03-12,11:45:24,0,0,0,843,Millet
2026-03-12,11:45:31,0,0,0,843,Millet
2026-03-12,11:45:38,0,0,0,843,Millet
2026-03-12,11:45:45,0,0,0,843,Millet
2026-03-12,11:45:52,0,0,0,844,Millet
2026-03-12,11:45:59,0,0,0,844,Millet
2026-03-12,11:46:06,0,0,0,844,Millet
2026-03-12,11:46:13,0,0,0,844,Millet
2026-03-12,11:46:20,0,0,0,844,Millet
2026-03-12,11:46:27,0,0,0,844,Millet
2026-03-12,11:46:34,0,0,0,843,Millet
2026-03-12,11:46:41,0,0,0,843,Millet
2026-03-12,11:46:48,0,0,0,843,Millet
2026-03-12,11:46:55,0,0,0,843,Millet
2026-03-12,11:47:02,0,0,0,843,Millet
2026-03-12,11:47:09,0,0,0,843,Millet
2026-03-12,11:47:16,0,0,0,842,Millet
2026-03-12,11:47:23,0,0,0,842,Millet
2026-03-12,11:47:30,0,0,0,842,Millet
2026-03-12,11:47:37,0,0,0,842,Millet
2026-03-12,11:47:44,0,0,0,842,Millet
2026-03-12,11:47:51,0,0,0,842,Millet
2026-03-12,11:47:59,0,0,0,841,Millet
2026-03-12,11:48:06,0,0,0,842,Millet
2026-03-12,11:48:13,0,0,0,842,Millet
2026-03-12,11:48:20,0,0,0,841,Millet
2026-03-12,11:48:27,0,0,0,841,Millet
2026-03-12,11:48:34,0,0,0,841,Millet
2026-03-12,11:48:41,0,0,0,840,Millet
2026-03-12,11:48:48,0,0,0,841,Millet
2026-03-12,11:48:55,0,0,0,839,Millet
2026-03-12,11:49:02,0,0,0,839,Millet
2026-03-12,11:49:09,0,0,0,841,Millet
2026-03-12,11:49:16,0,0,0,837,Millet
2026-03-12,11:49:23,0,0,0,839,Millet
2026-03-12,11:49:30,0,0,0,838,Millet
2026-03-12,11:49:37,0,0,0,838,Millet
2026-03-12,11:49:44,0,0,0,836,Millet
2026-03-12,11:49:51,0,0,0,836,Millet
2026-03-12,11:51:00,0,0,0,829,Waiting...
2026-03-12,11:51:07,0,0,0,830,Millet
2026-03-12,11:51:14,0,0,0,833,Millet
2026-03-12,11:51:21,0,0,0,830,Millet
2026-03-12,11:51:28,0,0,0,833,Millet
2026-03-12,11:51:35,0,0,0,832,Millet
2026-03-12,11:51:42,0,0,0,842,Millet
2026-03-12,11:51:49,0,0,0,831,Millet
2026-03-12,11:51:56,0,0,0,830,Millet
2026-03-12,11:52:03,0,0,0,817,Millet
2026-03-12,11:52:10,0,0,0,822,Millet
2026-03-12,11:52:17,0,0,0,824,Millet
2026-03-12,11:52:24,0,0,0,824,Millet
2026-03-12,11:52:31,0,0,0,821,Millet
2026-03-12,11:52:45,0,0,0,823,Millet
2026-03-12,11:54:01,1,2,4,848,Waiting...
2026-03-12,11:54:16,1,2,4,844,Millet
2026-03-12,11:54:16,1,2,4,844,Millet
2026-03-12,11:54:16,1,2,4,842,Millet
2026-03-12,11:54:24,1,2,4,842,Millet
2026-03-12,11:54:30,1,2,4,842,Millet
2026-03-12,11:54:32,1,2,4,842,Millet
2026-03-12,11:54:36,1,2,4,829,Millet
2026-03-12,11:54:42,1,2,4,830,Millet
2026-03-12,11:54:47,1,2,4,833,Millet
2026-03-12,11:54:52,1,2,4,834,Millet
2026-03-12,11:54:57,1,2,4,833,Millet
2026-03-12,11:55:02,1,2,4,820,Millet
2026-03-12,11:55:07,1,2,4,830,Millet
2026-03-12,11:55:14,0,0,0,834,Millet
2026-03-12,11:55:21,0,0,0,830,Millet
2026-03-12,11:55:28,0,0,0,828,Millet
2026-03-12,11:55:35,0,0,0,827,Millet
2026-03-12,11:55:42,0,0,0,827,Millet
2026-03-12,11:55:49,0,0,0,828,Millet
2026-03-12,11:55:56,0,0,0,826,Millet
2026-03-12,11:56:03,0,0,0,826,Millet
2026-03-12,11:56:10,0,0,0,825,Millet
2026-03-12,11:56:17,0,0,0,822,Millet
2026-03-12,11:56:24,0,0,0,825,Millet
2026-03-12,11:56:31,0,0,0,825,Millet
2026-03-12,11:56:38,0,0,0,824,Millet
2026-03-12,11:56:45,0,0,0,824,Millet
2026-03-12,11:56:52,0,0,0,822,Millet
2026-03-12,11:56:59,0,0,0,823,Millet
2026-03-12,11:57:06,0,0,0,823,Millet
2026-03-12,11:57:13,0,0,0,824,Millet
2026-03-12,11:57:20,0,0,0,823,Millet
2026-03-12,11:57:27,0,0,0,823,Millet
2026-03-12,11:57:34,0,0,0,824,Millet
2026-03-12,11:57:41,0,0,0,824,Millet
2026-03-12,11:57:48,0,0,0,824,Millet
2026-03-12,11:57:55,0,0,0,824,Millet
2026-03-12,11:58:02,0,0,0,824,Millet
2026-03-12,11:58:09,0,0,0,824,Millet
2026-03-12,11:58:16,0,0,0,824,Millet
2026-03-12,11:58:24,0,0,0,824,Millet
2026-03-12,11:58:31,0,0,0,825,Millet
2026-03-12,11:58:38,0,0,0,824,Millet
2026-03-12,11:58:45,0,0,0,824,Millet
2026-03-12,11:58:52,0,0,0,824,Millet
2026-03-12,11:58:59,0,0,0,825,Millet
2026-03-12,11:59:06,0,0,0,824,Millet
2026-03-12,11:59:13,0,0,0,824,Millet
2026-03-12,11:59:20,0,0,0,824,Millet
2026-03-12,11:59:27,0,0,0,824,Millet
2026-03-12,11:59:34,0,0,0,823,Millet
2026-03-12,11:59:41,0,0,0,824,Millet
2026-03-12,11:59:48,0,0,0,806,Millet
2026-03-12,11:59:55,0,0,0,810,Millet
2026-03-12,12:00:02,0,0,0,813,Millet
2026-03-12,12:00:09,0,0,0,813,Millet
2026-03-12,12:00:16,0,0,0,815,Millet
2026-03-12,12:00:23,0,0,0,815,Millet
2026-03-12,12:00:30,0,0,0,816,Millet
2026-03-12,12:00:37,0,0,0,816,Millet
2026-03-12,12:00:44,0,0,0,816,Millet
2026-03-12,12:00:51,0,0,0,817,Millet
2026-03-12,12:00:58,0,0,0,816,Millet
2026-03-12,12:01:05,0,0,0,816,Millet
2026-03-12,12:01:12,0,0,0,817,Millet
2026-03-12,12:15:36,2,3,7,908,Waiting...
2026-03-12,12:15:45,2,3,7,906,Millet
2026-03-12,12:15:48,2,3,7,904,Millet
2026-03-12,12:15:51,2,3,7,905,Millet
2026-03-12,12:15:56,2,3,7,906,Millet
2026-03-12,12:16:01,2,3,7,906,Millet
2026-03-12,12:16:06,2,3,7,903,Millet
2026-03-12,12:16:11,2,3,7,904,Millet
2026-03-12,12:16:16,2,3,7,905,Millet
2026-03-12,12:16:21,2,3,7,906,Millet
2026-03-12,12:16:26,2,3,7,937,Millet
2026-03-12,12:16:31,2,3,7,904,Millet
2026-03-12,12:16:36,2,3,7,906,Millet
2026-03-12,12:16:41,2,3,7,906,Millet
2026-03-12,12:16:46,2,3,7,906,Millet
2026-03-12,12:16:51,2,3,7,904,Millet
2026-03-12,12:16:56,2,3,7,905,Millet
2026-03-12,12:17:03,0,0,0,888,Millet
2026-03-12,12:17:10,0,0,0,890,Millet
2026-03-12,12:17:17,0,0,0,886,Millet
2026-03-12,12:17:24,0,0,0,889,Millet
2026-03-12,12:17:31,0,0,0,886,Millet
2026-03-12,12:17:38,0,0,0,886,Millet
2026-03-12,12:17:45,0,0,0,885,Millet
2026-03-12,12:17:53,0,0,0,894,Millet
2026-03-12,12:18:00,0,0,0,854,Millet
2026-03-12,12:18:07,0,0,0,859,Millet
2026-03-12,12:18:14,0,0,0,862,Millet
2026-03-12,12:18:21,0,0,0,866,Millet
2026-03-12,12:18:28,0,0,0,837,Millet
2026-03-12,12:18:35,0,0,0,840,Millet
2026-03-12,12:18:42,0,0,0,828,Millet
2026-03-12,12:18:49,0,0,0,827,Millet
2026-03-12,12:18:56,0,0,0,829,Millet
2026-03-12,12:19:03,0,0,0,830,Millet
2026-03-12,12:23:00,1,2,4,542,Waiting...
2026-03-12,12:23:06,1,2,4,536,Rice
2026-03-12,12:23:10,1,2,4,538,Rice
2026-03-12,12:23:15,1,2,4,539,Rice
2026-03-12,12:23:20,1,2,4,533,Rice
2026-03-12,12:23:25,1,2,4,534,Rice
2026-03-12,12:23:32,0,0,0,535,Rice
2026-03-12,12:23:39,0,0,0,536,Rice
2026-03-12,12:23:46,0,0,0,583,Rice
2026-03-12,12:23:53,0,0,0,530,Rice
2026-03-12,12:24:01,0,0,0,532,Rice
2026-03-12,12:24:08,0,0,0,536,Rice
2026-03-12,12:24:15,0,0,0,523,Rice
2026-03-12,12:24:22,0,0,0,538,Rice
2026-03-12,12:24:29,0,0,0,529,Rice
2026-03-12,12:24:36,0,0,0,520,Rice
2026-03-12,12:24:43,0,0,0,525,Rice
2026-03-12,12:24:50,0,0,0,515,Rice
2026-03-12,12:24:57,0,0,0,517,Rice
2026-03-12,12:25:04,0,0,0,525,Rice
2026-03-12,12:25:11,0,0,0,526,Rice
2026-03-12,12:25:18,0,0,0,589,Rice
2026-03-12,12:25:25,0,0,0,523,Rice
2026-03-12,12:25:32,0,0,0,525,Rice
2026-03-12,12:25:39,0,0,0,527,Rice
2026-03-12,12:25:46,0,0,0,523,Rice
2026-03-12,12:25:53,0,0,0,526,Rice
2026-03-12,12:25:58,3,5,11,526,Rice
2026-03-12,12:26:03,3,5,11,518,Rice
2026-03-12,12:26:08,3,4,9,518,Rice
2026-03-12,12:26:13,1,2,4,527,Rice
2026-03-12,12:26:18,0,0,0,529,Rice
2026-03-12,12:26:23,0,0,0,518,Rice
2026-03-12,12:26:28,0,0,0,524,Rice
2026-03-12,12:26:33,0,0,1,526,Rice
2026-03-12,12:26:38,0,1,2,526,Rice
2026-03-12,12:26:43,0,1,2,526,Rice
2026-03-12,12:26:48,0,1,2,525,Rice
2026-03-12,12:26:53,0,1,2,526,Rice
2026-03-12,12:26:59,1,1,3,515,Rice
2026-03-12,12:27:04,1,2,4,524,Rice
2026-03-12,12:27:09,2,3,7,523,Rice
2026-03-12,12:27:14,2,3,7,527,Rice
2026-03-12,12:27:19,2,3,7,528,Rice
2026-03-12,12:27:24,2,3,7,527,Rice
2026-03-12,12:27:29,2,3,7,525,Rice
2026-03-12,12:27:34,2,3,7,530,Rice
2026-03-12,12:27:39,2,3,7,532,Rice
2026-03-12,12:27:44,2,3,7,532,Rice
2026-03-12,12:27:49,2,3,7,528,Rice
2026-03-12,12:27:54,2,3,7,532,Rice
2026-03-12,12:27:59,2,3,7,531,Rice
2026-03-12,12:28:04,2,3,7,529,Rice
2026-03-12,12:28:09,2,4,8,527,Rice
2026-03-12,12:28:14,2,4,8,530,Rice
2026-03-12,12:28:19,2,4,8,532,Rice
2026-03-12,12:28:24,2,4,8,534,Rice
2026-03-12,12:28:29,2,4,8,558,Rice
2026-03-12,12:28:34,2,4,8,532,Rice
2026-03-12,12:28:39,2,4,8,535,Rice
2026-03-12,12:28:44,2,4,8,536,Rice
2026-03-12,12:28:49,2,4,8,538,Rice
2026-03-12,12:28:54,2,3,7,535,Rice
2026-03-12,12:29:00,2,4,8,535,Rice
2026-03-12,12:29:05,2,4,8,539,Rice
2026-03-12,12:29:10,2,4,8,538,Rice
2026-03-12,12:29:15,2,4,8,533,Rice
2026-03-12,12:29:20,2,4,8,536,Rice
2026-03-12,12:29:25,2,4,8,537,Rice
2026-03-12,12:29:30,2,4,8,540,Rice
2026-03-12,12:29:35,2,4,8,536,Rice
2026-03-12,12:29:40,2,4,8,538,Rice
2026-03-12,12:29:45,2,4,8,540,Rice
2026-03-12,12:29:50,2,4,8,541,Rice
2026-03-12,12:29:55,2,4,8,537,Rice
2026-03-12,12:30:00,2,4,8,541,Rice
2026-03-12,12:30:05,2,3,6,543,Rice
2026-03-12,12:30:10,0,1,2,544,Rice
2026-03-12,12:30:15,0,0,0,537,Rice
2026-03-12,12:30:20,0,0,1,521,Rice
2026-03-12,12:30:25,1,2,5,536,Rice
2026-03-12,12:30:30,2,4,8,539,Rice
2026-03-12,12:30:35,3,4,8,552,Rice
2026-03-12,12:30:40,3,4,8,539,Rice
2026-03-12,12:30:46,3,4,8,541,Rice
2026-03-12,12:30:50,3,4,8,542,Rice
2026-03-12,12:30:55,3,4,8,542,Rice
2026-03-12,12:31:01,3,4,8,536,Rice
2026-03-12,12:31:06,3,4,8,541,Rice
2026-03-12,12:31:11,3,4,8,541,Rice
2026-03-12,12:31:16,3,4,8,543,Rice
2026-03-12,12:31:21,3,4,8,537,Rice
2026-03-12,12:31:26,3,4,8,541,Rice
2026-03-12,12:31:31,3,4,8,543,Rice
2026-03-12,12:31:36,3,4,8,544,Rice
2026-03-12,12:31:41,3,4,8,538,Rice
2026-03-12,12:31:46,3,4,8,542,Rice
2026-03-12,12:31:51,3,4,8,541,Rice
2026-03-12,12:31:56,3,4,8,540,Rice
2026-03-12,12:32:01,3,4,8,601,Rice
2026-03-12,12:32:06,3,4,8,543,Millet
2026-03-12,12:32:11,3,4,8,544,Rice
2026-03-12,12:32:16,3,4,9,546,Rice
2026-03-12,12:32:21,3,4,8,546,Rice
2026-03-12,12:32:26,3,4,8,543,Rice
2026-03-12,12:32:31,3,4,8,546,Rice
2026-03-12,12:32:36,3,4,8,547,Rice
2026-03-12,12:32:41,3,4,9,548,Rice
2026-03-12,12:32:46,3,4,9,544,Rice
2026-03-12,12:32:51,3,4,9,547,Rice
2026-03-12,12:32:56,2,3,6,548,Rice
2026-03-12,12:33:02,0,1,2,547,Rice
2026-03-12,12:33:07,0,0,0,547,Rice
2026-03-12,12:33:14,0,0,0,548,Rice
2026-03-12,12:33:21,0,0,0,547,Rice
2026-03-12,12:33:28,0,0,0,547,Rice
2026-03-12,12:33:35,0,0,0,533,Rice
2026-03-12,12:33:40,1,2,4,541,Rice
2026-03-12,12:33:45,1,2,5,543,Rice
2026-03-12,12:33:50,1,2,5,540,Rice
2026-03-12,12:33:55,1,2,5,557,Rice
2026-03-12,12:34:00,1,2,5,545,Rice
